Pool Name,Pool Address,Backer Address,USDC Amount,Capped Airdrop GFI,Uncapped Airdrop GFI,Risk Bonus GFI,Modeled Liq. Mining GFI,TOTAL GFI DISTRIBUTION,Immeditely available,Unlocks over 12 months,Return at price
Alma #3,0xefeb69edf6b6999b0e3f2fa856a2acf3bdea4ab5,0x8100311305c9f81330d23c33fD9f6FF0093D12D3,"$10,000.0",874.64,807.40,"1,682.04",649.39,"4,013.4610060","4,013.4610059517700000000",0.000000000000000000000000,401.35%
Alma #3,0xefeb69edf6b6999b0e3f2fa856a2acf3bdea4ab5,0xa911ccf5F6C7BD5fb25188D41A536890c3c8fAE5,"$10,000.0",874.64,807.40,"1,682.04",649.39,"4,013.4610060","4,013.4610059517700000000",0.000000000000000000000000,401.35%
Alma #3,0xefeb69edf6b6999b0e3f2fa856a2acf3bdea4ab5,0xa911ccf5F6C7BD5fb25188D41A536890c3c8fAE5,"$10,000.0",874.64,807.40,"1,682.04",649.39,"4,013.4610060","4,013.4610059517700000000",0.000000000000000000000000,401.35%
Alma #3,0xefeb69edf6b6999b0e3f2fa856a2acf3bdea4ab5,0x3Ed23D80c7B9e3a159316b3F47bbDaB738Ba893E,"$10,000.0",874.64,807.40,"1,682.04",649.39,"4,013.4610060","4,013.4610059517700000000",0.000000000000000000000000,401.35%
Alma #3,0xefeb69edf6b6999b0e3f2fa856a2acf3bdea4ab5,0x0Ae9b28ccBe5CFE2BD4E6731392441023c9d6cB9,"$10,000.0",874.64,807.40,"1,682.04",649.39,"4,013.4610060","4,013.4610059517700000000",0.000000000000000000000000,401.35%
Alma #3,0xefeb69edf6b6999b0e3f2fa856a2acf3bdea4ab5,0x1E5d6CFb3EeaC9c21065296927BF4D155b3d64C8,"$10,000.0",874.64,807.40,"1,682.04",649.39,"4,013.4610060","4,013.4610059517700000000",0.000000000000000000000000,401.35%
Alma #3,0xefeb69edf6b6999b0e3f2fa856a2acf3bdea4ab5,0x2b2B7fEC2Ba5854AeF243C21a583d8e61Ee82c32,"$10,000.0",874.64,807.40,"1,682.04",649.39,"4,013.4610060","4,013.4610059517700000000",0.000000000000000000000000,401.35%
Alma #3,0xefeb69edf6b6999b0e3f2fa856a2acf3bdea4ab5,0x25fb88e70f420aDDb51f9a99B484bE66DFBea327,"$10,000.0",874.64,807.40,"1,682.04",649.39,"4,013.4610060","4,013.4610059517700000000",0.000000000000000000000000,401.35%
Alma #3,0xefeb69edf6b6999b0e3f2fa856a2acf3bdea4ab5,0x5B191F5A2b4A867c4eD71858dacCc51FC59c69c0,"$10,000.0",874.64,807.40,"1,682.04",649.39,"4,013.4610060","4,013.4610059517700000000",0.000000000000000000000000,401.35%
Alma #3,0xefeb69edf6b6999b0e3f2fa856a2acf3bdea4ab5,0xDcD7d160815a1c256DDc73b3fAA89391114d8249,"$10,000.0",874.64,807.40,"1,682.04",649.39,"4,013.4610060","4,013.4610059517700000000",0.000000000000000000000000,401.35%
Alma #3,0xefeb69edf6b6999b0e3f2fa856a2acf3bdea4ab5,0x2CAf97331ffA906B8080165996FE57c6d5EAc986,"$10,000.0",874.64,807.40,"1,682.04",649.39,"4,013.4610060","4,013.4610059517700000000",0.000000000000000000000000,401.35%
Alma #3,0xefeb69edf6b6999b0e3f2fa856a2acf3bdea4ab5,0xb39Fbb76E7677fF97397a1683D01F04df4cFeD82,"$10,000.0",874.64,807.40,"1,682.04",649.39,"4,013.4610060","4,013.4610059517700000000",0.000000000000000000000000,401.35%
Alma #3,0xefeb69edf6b6999b0e3f2fa856a2acf3bdea4ab5,0xD5a41BFe8e373C94434eaB2fC81034eC00572b09,"$10,000.0",874.64,807.40,"1,682.04",649.39,"4,013.4610060","4,013.4610059517700000000",0.000000000000000000000000,401.35%
Alma #3,0xefeb69edf6b6999b0e3f2fa856a2acf3bdea4ab5,0xD21D931890D27b6e7e2e668f27931E17698e90f1,"$10,000.0",874.64,807.40,"1,682.04",649.39,"4,013.4610060","4,013.4610059517700000000",0.000000000000000000000000,401.35%
Alma #3,0xefeb69edf6b6999b0e3f2fa856a2acf3bdea4ab5,0x6f9BB7e454f5B3eb2310343f0E99269dC2BB8A1d,"$10,000.0",874.64,807.40,"1,682.04",649.39,"4,013.4610060","4,013.4610059517700000000",0.000000000000000000000000,401.35%
Alma #3,0xefeb69edf6b6999b0e3f2fa856a2acf3bdea4ab5,0xF627E5F4BAd95a956468d8BB6Ee20b119F992E96,"$10,000.0",874.64,807.40,"1,682.04",649.39,"4,013.4610060","4,013.4610059517700000000",0.000000000000000000000000,401.35%
Alma #3,0xefeb69edf6b6999b0e3f2fa856a2acf3bdea4ab5,0x9E817382A12D2b1D15246c4d383bEB8171BCdfA9,"$10,000.0",874.64,807.40,"1,682.04",649.39,"4,013.4610060","4,013.4610059517700000000",0.000000000000000000000000,401.35%
Alma #3,0xefeb69edf6b6999b0e3f2fa856a2acf3bdea4ab5,0x0e63EE1a039bCC422b1bAaF65C7aE30C497d3FC8,"$10,000.0",874.64,807.40,"1,682.04",649.39,"4,013.4610060","4,013.4610059517700000000",0.000000000000000000000000,401.35%
Alma #3,0xefeb69edf6b6999b0e3f2fa856a2acf3bdea4ab5,0x6DFf64676CBf88ba26F1B5b2c5fcCCB0c638E3d1,"$10,000.0",874.64,807.40,"1,682.04",649.39,"4,013.4610060","4,013.4610059517700000000",0.000000000000000000000000,401.35%
Alma #3,0xefeb69edf6b6999b0e3f2fa856a2acf3bdea4ab5,0x07f82CEa5770723207f8544a00023DEb8968755E,"$10,000.0",874.64,807.40,"1,682.04",649.39,"4,013.4610060","4,013.4610059517700000000",0.000000000000000000000000,401.35%
Alma #3,0xefeb69edf6b6999b0e3f2fa856a2acf3bdea4ab5,0x08e89248C86FbfdDC30ab8130E136D2D66600A12,"$10,000.0",874.64,807.40,"1,682.04",649.39,"4,013.4610060","4,013.4610059517700000000",0.000000000000000000000000,401.35%
Alma #3,0xefeb69edf6b6999b0e3f2fa856a2acf3bdea4ab5,0x7C712eD41cf47f9bbC9f6e8D2E59ae8C9D3ece11,"$10,000.0",874.64,807.40,"1,682.04",649.39,"4,013.4610060","4,013.4610059517700000000",0.000000000000000000000000,401.35%
Alma #3,0xefeb69edf6b6999b0e3f2fa856a2acf3bdea4ab5,0x6b970Cd93b6139Ac830D966E2fe94CF81653479e,"$10,000.0",874.64,807.40,"1,682.04",649.39,"4,013.4610060","4,013.4610059517700000000",0.000000000000000000000000,401.35%
Alma #3,0xefeb69edf6b6999b0e3f2fa856a2acf3bdea4ab5,0x9125147895D5cCA9b75dB073FE9EDAacff5b2b23,"$10,000.0",874.64,807.40,"1,682.04",649.39,"4,013.4610060","4,013.4610059517700000000",0.000000000000000000000000,401.35%
Alma #3,0xefeb69edf6b6999b0e3f2fa856a2acf3bdea4ab5,0xF846638AaB987d031c79bf12703500d8bD5963A4,"$10,000.0",874.64,807.40,"1,682.04",649.39,"4,013.4610060","4,013.4610059517700000000",0.000000000000000000000000,401.35%
Alma #3,0xefeb69edf6b6999b0e3f2fa856a2acf3bdea4ab5,0xf3aFc2383a0B45ae73D77B49dF7F2184B1Ad4B90,"$10,000.0",874.64,807.40,"1,682.04",649.39,"4,013.4610060","4,013.4610059517700000000",0.000000000000000000000000,401.35%
Alma #3,0xefeb69edf6b6999b0e3f2fa856a2acf3bdea4ab5,0x3939d22aF089BdfbB96322744234F69dB1aB52F8,"$10,000.0",874.64,807.40,"1,682.04",649.39,"4,013.4610060","4,013.4610059517700000000",0.000000000000000000000000,401.35%
Alma #3,0xefeb69edf6b6999b0e3f2fa856a2acf3bdea4ab5,0x1c2CdDC58EAE7A9d6CFd2aA7b8ed7dDaD9900179,"$10,000.0",874.64,807.40,"1,682.04",649.39,"4,013.4610060","4,013.4610059517700000000",0.000000000000000000000000,401.35%
Alma #3,0xefeb69edf6b6999b0e3f2fa856a2acf3bdea4ab5,0x92b52e6441A9e2E03d080E951249d93dF222f855,"$10,000.0",874.64,807.40,"1,682.04",649.39,"4,013.4610060","4,013.4610059517700000000",0.000000000000000000000000,401.35%
Alma #3,0xefeb69edf6b6999b0e3f2fa856a2acf3bdea4ab5,0xBc79501610c5ba40959D5fCB9aAdf743C86ba7D9,"$10,000.0",874.64,807.40,"1,682.04",649.39,"4,013.4610060","4,013.4610059517700000000",0.000000000000000000000000,401.35%
Alma #3,0xefeb69edf6b6999b0e3f2fa856a2acf3bdea4ab5,0xA7f2dfEf34ed820aA790ce55E26925fd5A916D99,"$10,000.0",874.64,807.40,"1,682.04",649.39,"4,013.4610060","4,013.4610059517700000000",0.000000000000000000000000,401.35%
Alma #3,0xefeb69edf6b6999b0e3f2fa856a2acf3bdea4ab5,0xac5b6d6b47f5D68F7daa1036FE73C844EB954334,"$10,000.0",874.64,807.40,"1,682.04",649.39,"4,013.4610060","4,013.4610059517700000000",0.000000000000000000000000,401.35%
Alma #3,0xefeb69edf6b6999b0e3f2fa856a2acf3bdea4ab5,0xA223C7692d7a80C98A94Ce0F2AC19Dfeb8FD47Ca,"$10,000.0",874.64,807.40,"1,682.04",649.39,"4,013.4610060","4,013.4610059517700000000",0.000000000000000000000000,401.35%
Alma #3,0xefeb69edf6b6999b0e3f2fa856a2acf3bdea4ab5,0xEF8aD98bf43063EBe669576B08e1A05519e302f7,"$10,000.0",874.64,807.40,"1,682.04",649.39,"4,013.4610060","4,013.4610059517700000000",0.000000000000000000000000,401.35%
Alma #3,0xefeb69edf6b6999b0e3f2fa856a2acf3bdea4ab5,0xc60861680f748fb8164e392Dff70ece0577B4389,"$10,000.0",874.64,807.40,"1,682.04",649.39,"4,013.4610060","4,013.4610059517700000000",0.000000000000000000000000,401.35%
Alma #3,0xefeb69edf6b6999b0e3f2fa856a2acf3bdea4ab5,0x6EfF23b65688CaE71Af19128A7674b7Dd53f7f19,"$10,000.0",874.64,807.40,"1,682.04",649.39,"4,013.4610060","4,013.4610059517700000000",0.000000000000000000000000,401.35%
Alma #3,0xefeb69edf6b6999b0e3f2fa856a2acf3bdea4ab5,0xA231a5Ae629a0F15e1C1EB3FfBf813589e206926,"$10,000.0",874.64,807.40,"1,682.04",649.39,"4,013.4610060","4,013.4610059517700000000",0.000000000000000000000000,401.35%
Alma #3,0xefeb69edf6b6999b0e3f2fa856a2acf3bdea4ab5,0x5725a458b319d73B8Ec84c47de80620E7B191B0C,"$10,000.0",874.64,807.40,"1,682.04",649.39,"4,013.4610060","4,013.4610059517700000000",0.000000000000000000000000,401.35%
Alma #3,0xefeb69edf6b6999b0e3f2fa856a2acf3bdea4ab5,0xa652F1e216E881b3A679D91958a5E93C71828CA6,"$10,000.0",874.64,807.40,"1,682.04",649.39,"4,013.4610060","4,013.4610059517700000000",0.000000000000000000000000,401.35%
Alma #3,0xefeb69edf6b6999b0e3f2fa856a2acf3bdea4ab5,0x6dF98185315270B653889C796509Cbf7b943b9AA,"$10,000.0",874.64,807.40,"1,682.04",649.39,"4,013.4610060","4,013.4610059517700000000",0.000000000000000000000000,401.35%
Alma #3,0xefeb69edf6b6999b0e3f2fa856a2acf3bdea4ab5,0x36E36CA99218d21B444B5068dc6ED0C907119651,"$10,000.0",874.64,807.40,"1,682.04",649.39,"4,013.4610060","4,013.4610059517700000000",0.000000000000000000000000,401.35%
Alma #3,0xefeb69edf6b6999b0e3f2fa856a2acf3bdea4ab5,0x0B0AcdD302e39E6C1549B1698150dF4409B2a7aC,"$10,000.0",874.64,807.40,"1,682.04",649.39,"4,013.4610060","4,013.4610059517700000000",0.000000000000000000000000,401.35%
Alma #3,0xefeb69edf6b6999b0e3f2fa856a2acf3bdea4ab5,0x7db4F8603483860dF860873eA5AB5D818A4511b1,"$9,999.0",874.64,807.32,"1,681.95",649.32,"4,013.2345870","4,013.2345869644400000000",0.000000000000000000000000,401.36%
Alma #3,0xefeb69edf6b6999b0e3f2fa856a2acf3bdea4ab5,0x64CEe4d9D5F4f7A231dD53d48c1d19BEBd71DbE0,"$9,950.0",874.64,803.36,"1,678.00",646.14,"4,002.1400566","4,002.1400565852700000000",0.000000000000000000000000,402.23%
Alma #3,0xefeb69edf6b6999b0e3f2fa856a2acf3bdea4ab5,0xD04aF0D9D6c89533f3B6A02Dd8CC4D12a1BF12d9,"$9,830.0",874.64,793.67,"1,668.31",638.35,"3,974.9697781","3,974.9697781056900000000",0.000000000000000000000000,404.37%
Alma #3,0xefeb69edf6b6999b0e3f2fa856a2acf3bdea4ab5,0x107cd74419DfC9FF01975e652597c5a4b6706460,"$8,980.0",874.64,725.05,"1,599.68",583.15,"3,782.5136389","3,782.5136388753000000000",0.000000000000000000000000,421.22%
Alma #3,0xefeb69edf6b6999b0e3f2fa856a2acf3bdea4ab5,0x7AB19aB563eC3e0aa8f2E283513286a58D3A4aE0,"$7,000.0",874.64,565.18,"1,439.82",454.57,"3,334.2040440","3,334.2040439621600000000",0.000000000000000000000000,476.31%
Alma #3,0xefeb69edf6b6999b0e3f2fa856a2acf3bdea4ab5,0x300Cf71eF3F5443Bd92f24e86fAb1A945EeE3461,"$6,000.0",874.64,484.44,"1,359.08",389.63,"3,107.7850566","3,107.7850566322900000000",0.000000000000000000000000,517.96%
Alma #3,0xefeb69edf6b6999b0e3f2fa856a2acf3bdea4ab5,0x47547895218274e121E4219A3fD23235377A9903,"$5,007.0",874.64,404.27,"1,278.90",325.15,"2,882.9510022","2,882.9510022137200000000",0.000000000000000000000000,575.78%
Alma #3,0xefeb69edf6b6999b0e3f2fa856a2acf3bdea4ab5,0x2f500cb2D7df0Dd524f6933133cB21FcE93BD41d,"$5,000.0",874.64,403.70,"1,278.34",324.69,"2,881.3660693","2,881.3660693024100000000",0.000000000000000000000000,576.27%
Alma #3,0xefeb69edf6b6999b0e3f2fa856a2acf3bdea4ab5,0x59A9A5561D6b863762cF29d45D899c57B1ae5a6C,"$5,000.0",874.64,403.70,"1,278.34",324.69,"2,881.3660693","2,881.3660693024100000000",0.000000000000000000000000,576.27%
Alma #3,0xefeb69edf6b6999b0e3f2fa856a2acf3bdea4ab5,0xA7C865d8DC45f67EebEa6d994cD95a765CDD802D,"$4,990.0",874.64,402.89,"1,277.53",324.05,"2,879.1018794","2,879.1018794291200000000",0.000000000000000000000000,576.97%
Alma #3,0xefeb69edf6b6999b0e3f2fa856a2acf3bdea4ab5,0x51102AfCA1fb28C349359643e2A28d8e40B97b8B,"$4,987.0",874.64,402.65,"1,277.29",323.85,"2,878.4226225","2,878.4226224671300000000",0.000000000000000000000000,577.19%
Alma #3,0xefeb69edf6b6999b0e3f2fa856a2acf3bdea4ab5,0xD8CE05227a1cA1AC606aA7B40a76885E8bB56EEd,"$4,300.0",874.64,347.18,"1,221.82",279.24,"2,722.8727782","2,722.8727781715000000000",0.000000000000000000000000,633.23%
Alma #3,0xefeb69edf6b6999b0e3f2fa856a2acf3bdea4ab5,0x225c4cfc17d5ee7BF3E682396B12C0F6A7709d7d,"$4,000.0",874.64,322.96,"1,197.60",259.76,"2,654.9470820","2,654.9470819725400000000",0.000000000000000000000000,663.74%
Alma #3,0xefeb69edf6b6999b0e3f2fa856a2acf3bdea4ab5,0xBFe98Ba61eb224F657D392333F213f6D75CC6972,"$3,802.0",874.64,306.97,"1,181.61",246.90,"2,610.1161225","2,610.1161224812300000000",0.000000000000000000000000,686.51%
Alma #3,0xefeb69edf6b6999b0e3f2fa856a2acf3bdea4ab5,0x300Cf71eF3F5443Bd92f24e86fAb1A945EeE3461,"$3,333.0",874.64,269.11,"1,143.74",216.44,"2,503.9256174","2,503.9256174235200000000",0.000000000000000000000000,751.25%
Alma #3,0xefeb69edf6b6999b0e3f2fa856a2acf3bdea4ab5,0x83463F91bAB2062D26D5d83080295a2Ded377501,"$3,000.0",874.64,242.22,"1,116.86",194.82,"2,428.5280946","2,428.5280946426700000000",0.000000000000000000000000,809.51%
Alma #3,0xefeb69edf6b6999b0e3f2fa856a2acf3bdea4ab5,0xba181DeB98AfC2202202C9AeBf26B18f46D70497,"$3,000.0",874.64,242.22,"1,116.86",194.82,"2,428.5280946","2,428.5280946426700000000",0.000000000000000000000000,809.51%
Alma #3,0xefeb69edf6b6999b0e3f2fa856a2acf3bdea4ab5,0x6909087e694A492bf3d010dBC065515EF8438057,"$3,000.0",874.64,242.22,"1,116.86",194.82,"2,428.5280946","2,428.5280946426700000000",0.000000000000000000000000,809.51%
Alma #3,0xefeb69edf6b6999b0e3f2fa856a2acf3bdea4ab5,0xc70Aa0Bc5C372CA2006204C91Af480dacF621Bac,"$3,000.0",874.64,242.22,"1,116.86",194.82,"2,428.5280946","2,428.5280946426700000000",0.000000000000000000000000,809.51%
Alma #3,0xefeb69edf6b6999b0e3f2fa856a2acf3bdea4ab5,0x2fEa4863082ad91979aA8C011048BA5F3EA2C3fD,"$2,388.0",874.64,192.81,"1,067.44",155.07,"2,289.9596744","2,289.9596743967900000000",0.000000000000000000000000,958.94%
Alma #3,0xefeb69edf6b6999b0e3f2fa856a2acf3bdea4ab5,0x0773A995E752eec6456Ae887DEC5D4e06479FA9C,"$2,000.0",874.64,161.48,"1,036.12",129.88,"2,202.1091073","2,202.1091073128000000000",0.000000000000000000000000,1101.05%
Alma #3,0xefeb69edf6b6999b0e3f2fa856a2acf3bdea4ab5,0x984253cAd96157B89255F4674E5362Fc0feb69Ee,"$2,000.0",874.64,161.48,"1,036.12",129.88,"2,202.1091073","2,202.1091073128000000000",0.000000000000000000000000,1101.05%
Alma #3,0xefeb69edf6b6999b0e3f2fa856a2acf3bdea4ab5,0xf18f071781689B1f5E5bE800cf6B1aBa7d46bc32,"$2,000.0",874.64,161.48,"1,036.12",129.88,"2,202.1091073","2,202.1091073128000000000",0.000000000000000000000000,1101.05%
Alma #3,0xefeb69edf6b6999b0e3f2fa856a2acf3bdea4ab5,0xB4627d61bE6916EA2faeFFfaAD1F333B5af39914,"$1,500.0",874.64,121.11,995.75,97.41,"2,088.8996136","2,088.8996136478700000000",0.000000000000000000000000,1392.60%
Alma #3,0xefeb69edf6b6999b0e3f2fa856a2acf3bdea4ab5,0x53baD4E06b7b0244927BB03d43F3171C4b0349BE,"$1,040.0",874.64,83.97,958.61,67.54,"1,984.7468795","1,984.7468794761300000000",0.000000000000000000000000,1908.41%
Alma #3,0xefeb69edf6b6999b0e3f2fa856a2acf3bdea4ab5,0x107cd74419DfC9FF01975e652597c5a4b6706460,"$1,020.0",874.64,82.35,956.99,66.24,"1,980.2184997","1,980.2184997295300000000",0.000000000000000000000000,1941.39%
Alma #3,0xefeb69edf6b6999b0e3f2fa856a2acf3bdea4ab5,0x0b4eCF28692614C10Deb7d8579F4878Be3Fd2DE9,"$1,000.0",874.64,80.74,955.38,64.94,"1,975.6901200","1,975.6901199829300000000",0.000000000000000000000000,1975.69%
Alma #3,0xefeb69edf6b6999b0e3f2fa856a2acf3bdea4ab5,0x1BdCa6a46d69efE0B4c7b1Ac962f240e0e1F040c,"$1,000.0",874.64,80.74,955.38,64.94,"1,975.6901200","1,975.6901199829300000000",0.000000000000000000000000,1975.69%
Alma #3,0xefeb69edf6b6999b0e3f2fa856a2acf3bdea4ab5,0x8140b5D041490a706da799dd295DbB251b3Fbc7a,"$1,000.0",874.64,80.74,955.38,64.94,"1,975.6901200","1,975.6901199829300000000",0.000000000000000000000000,1975.69%
Alma #3,0xefeb69edf6b6999b0e3f2fa856a2acf3bdea4ab5,0xE3B62D868904c93F32718f54AB64bF4F3D1F4635,$702.0,818.66,56.68,875.34,45.59,"1,796.2639093","1,796.2639092688300000000",0.000000000000000000000000,2558.78%
Alma #3,0xefeb69edf6b6999b0e3f2fa856a2acf3bdea4ab5,0x24710BdFbEA631d9d11eed0AeEBFD49FD8e5ff70,$500.0,583.09,40.37,623.46,32.47,"1,279.3902488","1,279.3902487669800000000",0.000000000000000000000000,2558.78%
Alma #3,0xefeb69edf6b6999b0e3f2fa856a2acf3bdea4ab5,0xccF9a2f4b558D0a23D2f678adf2dE1DC52fA343E,$399.0,465.31,32.22,497.52,25.91,"1,020.9534185","1,020.9534185160500000000",0.000000000000000000000000,2558.78%
Alma #3,0xefeb69edf6b6999b0e3f2fa856a2acf3bdea4ab5,0x2e2DbFeb78aeD1B732b433C91fEF53e90838865f,$99.0,115.45,7.99,123.45,6.43,253.3192693,253.3192692558610000000,0.000000000000000000000000,2558.78%
Alma #4,0xe6c30756136e07eb5268c3232efbfbe645c1ba5a,0x2b2B7fEC2Ba5854AeF243C21a583d8e61Ee82c32,"$750,000.0",874.64,"60,555.00","61,429.64","51,201.30","174,060.5736192",874.6355663265310000000,"173,185.938052899000000000000000",232.08%
Alma #4,0xe6c30756136e07eb5268c3232efbfbe645c1ba5a,0xE11bb2df7F004F190F75E6EC77528Cf30b6afBfb,"$250,000.0",874.64,"20,185.00","21,059.64","17,067.10","59,186.3719615",874.6355663265310000000,"58,311.736395184000000000000000",236.75%
Alma #4,0xe6c30756136e07eb5268c3232efbfbe645c1ba5a,0x0Ae9b28ccBe5CFE2BD4E6731392441023c9d6cB9,"$223,450.5",874.64,"18,041.40","18,916.03","15,254.61","53,086.6745391",874.6355663265310000000,"52,212.038972806700000000000000",237.58%
Alma #4,0xe6c30756136e07eb5268c3232efbfbe645c1ba5a,0x7Cf20A1BB4CAE92Df714eAf760814860eD5f785F,"$149,937.3",874.64,"12,105.94","12,980.57","10,235.98","36,197.1222696",874.6355663265310000000,"35,322.486703281900000000000000",241.42%
Alma #4,0xe6c30756136e07eb5268c3232efbfbe645c1ba5a,0x526C7665C5dd9cD7102C6d42D407a0d9DC1e431d,"$132,900.8",874.64,"10,730.41","11,605.04","9,072.92","32,283.0101503",874.6355663265310000000,"31,408.374583972500000000000000",242.91%
Alma #4,0xe6c30756136e07eb5268c3232efbfbe645c1ba5a,0x7Cf20A1BB4CAE92Df714eAf760814860eD5f785F,"$109,937.7",874.64,"8,876.37","9,751.00","7,505.27","27,007.2784958",874.6355663265310000000,"26,132.642929522800000000000000",245.66%
Alma #4,0xe6c30756136e07eb5268c3232efbfbe645c1ba5a,0x6a5dBF2Fb5206EC8192620810C3edB6d5e62B188,"$71,468.3",874.64,"5,770.35","6,644.99","4,879.03","18,169.0040917",874.6355663265310000000,"17,294.368525358900000000000000",254.22%
Alma #4,0xe6c30756136e07eb5268c3232efbfbe645c1ba5a,0x526C7665C5dd9cD7102C6d42D407a0d9DC1e431d,"$67,932.2",874.64,"5,484.85","6,359.48","4,637.63","17,356.5940022",874.6355663265310000000,"16,481.958435847700000000000000",255.50%
Alma #4,0xe6c30756136e07eb5268c3232efbfbe645c1ba5a,0x4902b20bB3B8e7776CBcDCB6e3397E7F6b4e449E,"$58,999.5",874.64,"4,763.62","5,638.26","4,027.80","15,304.3129960",874.6355663265310000000,"14,429.677429703700000000000000",259.40%
Alma #4,0xe6c30756136e07eb5268c3232efbfbe645c1ba5a,0xeB1346bb4a15e5b6923E7C002fb4D09eA98a04A0,"$46,569.3",874.64,"3,760.01","4,634.64","3,179.21","12,448.4939566",874.6355663265310000000,"11,573.858390290300000000000000",267.31%
Alma #4,0xe6c30756136e07eb5268c3232efbfbe645c1ba5a,0xA05967ed87D17aC0978101B73Cf784573A801bE7,"$45,630.0",874.64,"3,684.17","4,558.80","3,115.09","12,232.6907759",874.6355663265310000000,"11,358.055209609600000000000000",268.08%
Alma #4,0xe6c30756136e07eb5268c3232efbfbe645c1ba5a,0x5725a458b319d73B8Ec84c47de80620E7B191B0C,"$40,000.0",874.64,"3,229.60","4,104.24","2,730.74","10,939.2072653",874.6355663265310000000,"10,064.571698943700000000000000",273.48%
Alma #4,0xe6c30756136e07eb5268c3232efbfbe645c1ba5a,0xA231a5Ae629a0F15e1C1EB3FfBf813589e206926,"$40,000.0",874.64,"3,229.60","4,104.24","2,730.74","10,939.2072653",874.6355663265310000000,"10,064.571698943700000000000000",273.48%
Alma #4,0xe6c30756136e07eb5268c3232efbfbe645c1ba5a,0x07f82CEa5770723207f8544a00023DEb8968755E,"$30,000.0",874.64,"2,422.20","3,296.84","2,048.05","8,641.7232321",874.6355663265310000000,"7,767.087665789420000000000000",288.06%
Alma #4,0xe6c30756136e07eb5268c3232efbfbe645c1ba5a,0x68476977382d9cb85d11775B79252ee7d2859738,"$30,000.0",874.64,"2,422.20","3,296.84","2,048.05","8,641.7232321",874.6355663265310000000,"7,767.087665789420000000000000",288.06%
Alma #4,0xe6c30756136e07eb5268c3232efbfbe645c1ba5a,0xb4522eB2cA49963De9c3dC69023cBe6D53489C98,"$25,000.0",874.64,"2,018.50","2,893.14","1,706.71","7,492.9812155",874.6355663265310000000,"6,618.345649212270000000000000",299.72%
Alma #4,0xe6c30756136e07eb5268c3232efbfbe645c1ba5a,0x1c2CdDC58EAE7A9d6CFd2aA7b8ed7dDaD9900179,"$25,000.0",874.64,"2,018.50","2,893.14","1,706.71","7,492.9812155",874.6355663265310000000,"6,618.345649212270000000000000",299.72%
Alma #4,0xe6c30756136e07eb5268c3232efbfbe645c1ba5a,0xE539cd6F9DB04fE3c40Ff4a1C24A7453e7cf265D,"$24,875.0",874.64,"2,008.41","2,883.04","1,698.18","7,464.2626651",874.6355663265310000000,"6,589.627098797850000000000000",300.07%
Alma #4,0xe6c30756136e07eb5268c3232efbfbe645c1ba5a,0x5b4e28133aab99Ee9FC77B649127A6CFacf28793,"$20,264.6",874.64,"1,636.16","2,510.80","1,383.43","6,405.0236421",874.6355663265310000000,"5,530.388075800930000000000000",316.07%
Alma #4,0xe6c30756136e07eb5268c3232efbfbe645c1ba5a,0x96aa014BCd98990Df0652C0393525D11a1dA0D85,"$20,000.0",874.64,"1,614.80","2,489.44","1,365.37","6,344.2391990","6,344.2391989616600000000",0.000000000000000000000000,317.21%
Alma #4,0xe6c30756136e07eb5268c3232efbfbe645c1ba5a,0xB6605F98A5562b1AC821Bc5f2B75934239e8c6D6,"$20,000.0",874.64,"1,614.80","2,489.44","1,365.37","6,344.2391990","6,344.2391989616600000000",0.000000000000000000000000,317.21%
Alma #4,0xe6c30756136e07eb5268c3232efbfbe645c1ba5a,0xeD06c50BB6F49eDc029803D16FEC26AB7F640A08,"$19,295.0",874.64,"1,557.88","2,432.51","1,317.24","6,182.2665746","6,182.2665746242800000000",0.000000000000000000000000,320.41%
Alma #4,0xe6c30756136e07eb5268c3232efbfbe645c1ba5a,0x51102AfCA1fb28C349359643e2A28d8e40B97b8B,"$15,367.7",874.64,"1,240.79","2,115.42","1,049.13","5,279.9794152","5,279.9794151825600000000",0.000000000000000000000000,343.58%
Alma #4,0xe6c30756136e07eb5268c3232efbfbe645c1ba5a,0x1c2CdDC58EAE7A9d6CFd2aA7b8ed7dDaD9900179,"$15,000.0",874.64,"1,211.10","2,085.74","1,024.03","5,195.4971824","5,195.4971823845100000000",0.000000000000000000000000,346.37%
Alma #4,0xe6c30756136e07eb5268c3232efbfbe645c1ba5a,0x4bcDbEBbf5253850D8fFc3137D2475670e09732A,"$10,081.3",874.64,813.97,"1,688.60",688.24,"4,065.4437740","4,065.4437739769700000000",0.000000000000000000000000,403.26%
Alma #4,0xe6c30756136e07eb5268c3232efbfbe645c1ba5a,0xA223C7692d7a80C98A94Ce0F2AC19Dfeb8FD47Ca,"$10,010.5",874.64,808.25,"1,682.88",683.40,"4,049.1643305","4,049.1643305393600000000",0.000000000000000000000000,404.49%
Alma #4,0xe6c30756136e07eb5268c3232efbfbe645c1ba5a,0xE80271FC093D8d19E97f0D5820F0E3cfe0e44887,"$10,000.5",874.64,807.44,"1,682.07",682.72,"4,046.8646179","4,046.8646179467000000000",0.000000000000000000000000,404.67%
Alma #4,0xe6c30756136e07eb5268c3232efbfbe645c1ba5a,0x25981b976Cf3d0311943575981E29ac9fD9e8999,"$10,000.0",874.64,807.40,"1,682.04",682.68,"4,046.7551658","4,046.7551658073600000000",0.000000000000000000000000,404.68%
Alma #4,0xe6c30756136e07eb5268c3232efbfbe645c1ba5a,0x2CAf97331ffA906B8080165996FE57c6d5EAc986,"$10,000.0",874.64,807.40,"1,682.04",682.68,"4,046.7551658","4,046.7551658073600000000",0.000000000000000000000000,404.68%
Alma #4,0xe6c30756136e07eb5268c3232efbfbe645c1ba5a,0x346f1b35cd74080b0D2001ad99d4FF3F06B28631,"$9,993.5",874.64,806.87,"1,681.51",682.24,"4,045.2553820","4,045.2553820154200000000",0.000000000000000000000000,404.79%
Alma #4,0xe6c30756136e07eb5268c3232efbfbe645c1ba5a,0xB005Bba8414285450B44841267946cDcC3943498,"$9,950.0",874.64,803.36,"1,678.00",679.27,"4,035.2677456","4,035.2677456415900000000",0.000000000000000000000000,405.55%
Alma #4,0xe6c30756136e07eb5268c3232efbfbe645c1ba5a,0x1F9E539D76eCc21830fa6a7CdeA4cf3946927A04,"$7,500.0",874.64,605.55,"1,480.19",512.01,"3,472.3841575","3,472.3841575187800000000",0.000000000000000000000000,462.98%
Alma #4,0xe6c30756136e07eb5268c3232efbfbe645c1ba5a,0xb478ab91A9FAA7cC8503d85dc8Ef35ba4bBcB45E,"$7,475.1",874.64,603.54,"1,478.18",510.31,"3,466.6645618","3,466.6645618283100000000",0.000000000000000000000000,463.76%
Alma #4,0xe6c30756136e07eb5268c3232efbfbe645c1ba5a,0xd144992C2906B7ccb810a09D91c528cc4d32934c,"$7,416.6",874.64,598.81,"1,473.45",506.32,"3,453.2118830","3,453.2118830105200000000",0.000000000000000000000000,465.61%
Alma #4,0xe6c30756136e07eb5268c3232efbfbe645c1ba5a,0x9deBADcAAE4820092c8Ff7DC741C9ec7D9E95027,"$6,000.0",874.64,484.44,"1,359.08",409.61,"3,127.7615525","3,127.7615525456400000000",0.000000000000000000000000,521.29%
Alma #4,0xe6c30756136e07eb5268c3232efbfbe645c1ba5a,0xdC4F707EA3B9d7b66F4c45466b6F99eB2F6B9b86,"$5,141.5",874.64,415.13,"1,289.76",351.00,"2,930.5323861","2,930.5323861259700000000",0.000000000000000000000000,569.97%
Alma #4,0xe6c30756136e07eb5268c3232efbfbe645c1ba5a,0xbb4615d7223cBc087ceD0D32Bc2f1862CB91B6ad,"$5,025.0",874.64,405.72,"1,280.35",343.05,"2,903.7568593","2,903.7568593131000000000",0.000000000000000000000000,577.86%
Alma #4,0xe6c30756136e07eb5268c3232efbfbe645c1ba5a,0x83463F91bAB2062D26D5d83080295a2Ded377501,"$5,000.0",874.64,403.70,"1,278.34",341.34,"2,898.0154467","2,898.0154467142400000000",0.000000000000000000000000,579.60%
Alma #4,0xe6c30756136e07eb5268c3232efbfbe645c1ba5a,0xaF2a082188aD55993c0FBF1e067c01F27Cc69E1d,"$5,000.0",874.64,403.70,"1,278.34",341.34,"2,898.0131492","2,898.0131492302100000000",0.000000000000000000000000,579.60%
Alma #4,0xe6c30756136e07eb5268c3232efbfbe645c1ba5a,0xBB34666407e47f87a44E4540ee765909506CB105,"$5,000.0",874.64,403.70,"1,278.34",341.34,"2,898.0131492","2,898.0131492302100000000",0.000000000000000000000000,579.60%
Alma #4,0xe6c30756136e07eb5268c3232efbfbe645c1ba5a,0x75721AF9fdabE9E0bfB960dEE66Fa287a20A085F,"$5,000.0",874.64,403.70,"1,278.34",341.34,"2,898.0131492","2,898.0131492302100000000",0.000000000000000000000000,579.60%
Alma #4,0xe6c30756136e07eb5268c3232efbfbe645c1ba5a,0x6d3C4171d6807378CF6482732873E675d28A8c72,"$5,000.0",874.64,403.70,"1,278.34",341.34,"2,898.0131492","2,898.0131492302100000000",0.000000000000000000000000,579.60%
Alma #4,0xe6c30756136e07eb5268c3232efbfbe645c1ba5a,0xc5467213593778E528f0eB8117cc7AFBC5b7491b,"$5,000.0",874.64,403.70,"1,278.34",341.34,"2,898.0131492","2,898.0131492302100000000",0.000000000000000000000000,579.60%
Alma #4,0xe6c30756136e07eb5268c3232efbfbe645c1ba5a,0x787aF2e1ef868ac9D2cf3e659112bbe173C04C87,"$5,000.0",874.64,403.70,"1,278.34",341.34,"2,898.0131492","2,898.0131492302100000000",0.000000000000000000000000,579.60%
Alma #4,0xe6c30756136e07eb5268c3232efbfbe645c1ba5a,0xd6884F50113E87184A24b73422FeEf9Fab6047d7,"$4,970.0",874.64,401.28,"1,275.91",339.29,"2,891.1206971","2,891.1206971307500000000",0.000000000000000000000000,581.71%
Alma #4,0xe6c30756136e07eb5268c3232efbfbe645c1ba5a,0x6CF6d7C4b21e01442276A37Fb21666B08c8E6d32,"$4,900.0",874.64,395.63,"1,270.26",334.52,"2,875.0383089","2,875.0383088986700000000",0.000000000000000000000000,586.74%
Alma #4,0xe6c30756136e07eb5268c3232efbfbe645c1ba5a,0xA05967ed87D17aC0978101B73Cf784573A801bE7,"$4,439.4",874.64,358.44,"1,233.07",303.07,"2,769.2190455","2,769.2190455092700000000",0.000000000000000000000000,623.78%
Alma #4,0xe6c30756136e07eb5268c3232efbfbe645c1ba5a,0x14Ff0Bc9417B6796f79768729002A793b51205B8,"$4,349.2",874.64,351.15,"1,225.79",296.91,"2,748.4855226","2,748.4855226187200000000",0.000000000000000000000000,631.96%
Alma #4,0xe6c30756136e07eb5268c3232efbfbe645c1ba5a,0x0aD4070E1c34e0bD2F6366CFB8F71D566D1bD89F,"$4,029.7",874.64,325.36,"1,200.00",275.10,"2,675.0951659","2,675.0951659453500000000",0.000000000000000000000000,663.84%
Alma #4,0xe6c30756136e07eb5268c3232efbfbe645c1ba5a,0x32596CaDEcFbce13D3Dd68864135e8876C9CD8B6,"$4,000.0",874.64,322.96,"1,197.60",273.07,"2,668.2647459","2,668.2647459147800000000",0.000000000000000000000000,667.07%
Alma #4,0xe6c30756136e07eb5268c3232efbfbe645c1ba5a,0x12C444593336f75f42E83b6FdC833607d21b943F,"$4,000.0",874.64,322.96,"1,197.60",273.07,"2,668.2647459","2,668.2647459147800000000",0.000000000000000000000000,667.07%
Alma #4,0xe6c30756136e07eb5268c3232efbfbe645c1ba5a,0xFFd92144CAfD599A5A93E4805CA4d8f0E666D623,"$3,949.3",874.64,318.87,"1,193.51",269.62,"2,656.6270703","2,656.6270702932400000000",0.000000000000000000000000,672.68%
Alma #4,0xe6c30756136e07eb5268c3232efbfbe645c1ba5a,0x0196aD265c56F2b18B708C75CE9358A0b6DF64CF,"$3,694.0",874.64,298.25,"1,172.89",252.18,"2,597.9617345","2,597.9617345002600000000",0.000000000000000000000000,703.29%
Alma #4,0xe6c30756136e07eb5268c3232efbfbe645c1ba5a,0xEEdA7f71Df5A589a9B8c5794AA3D28D66a4ee672,"$3,607.2",874.64,291.24,"1,165.88",246.26,"2,578.0111988","2,578.0111987631800000000",0.000000000000000000000000,714.69%
Alma #4,0xe6c30756136e07eb5268c3232efbfbe645c1ba5a,0x6f9EFF4d554E82DC72fa55465fF04b28Ea1c09CE,"$3,537.0",874.64,285.58,"1,160.21",241.47,"2,561.8912352","2,561.8912351797400000000",0.000000000000000000000000,724.31%
Alma #4,0xe6c30756136e07eb5268c3232efbfbe645c1ba5a,0xD6085929281Bb484763CA58cb06690e4f457D171,"$3,060.0",874.64,247.06,"1,121.70",208.90,"2,452.2998890","2,452.2998889852100000000",0.000000000000000000000000,801.41%
Alma #4,0xe6c30756136e07eb5268c3232efbfbe645c1ba5a,0x1B87b6EF6dE51D272bd30493D0761d9a8De6B3D0,"$3,001.8",874.64,242.36,"1,117.00",204.92,"2,438.9184689","2,438.9184689321900000000",0.000000000000000000000000,812.50%
Alma #4,0xe6c30756136e07eb5268c3232efbfbe645c1ba5a,0x207B94B7dAC8203E2fad3F0866385B5C187B73A3,"$3,000.0",874.64,242.22,"1,116.86",204.81,"2,438.5163426","2,438.5163425993500000000",0.000000000000000000000000,812.84%
Alma #4,0xe6c30756136e07eb5268c3232efbfbe645c1ba5a,0x90681D5efA80999e7e9259E9f708dAE20b169966,"$3,000.0",874.64,242.22,"1,116.86",204.81,"2,438.5163426","2,438.5163425993500000000",0.000000000000000000000000,812.84%
Alma #4,0xe6c30756136e07eb5268c3232efbfbe645c1ba5a,0xB635FA1A4E7F1f2edf5fBe4630040cb6db0B40af,"$3,000.0",874.64,242.22,"1,116.86",204.81,"2,438.5163426","2,438.5163425993500000000",0.000000000000000000000000,812.84%
Alma #4,0xe6c30756136e07eb5268c3232efbfbe645c1ba5a,0x0773A995E752eec6456Ae887DEC5D4e06479FA9C,"$3,000.0",874.64,242.22,"1,116.86",204.81,"2,438.5163426","2,438.5163425993500000000",0.000000000000000000000000,812.84%
Alma #4,0xe6c30756136e07eb5268c3232efbfbe645c1ba5a,0xEcc03538d9Af264725dABd36417441F7971c91F6,"$2,575.0",874.64,207.91,"1,082.54",175.79,"2,340.8732712","2,340.8732711902900000000",0.000000000000000000000000,909.08%
Alma #4,0xe6c30756136e07eb5268c3232efbfbe645c1ba5a,0x59A9A5561D6b863762cF29d45D899c57B1ae5a6C,"$2,500.0",874.64,201.85,"1,076.49",170.67,"2,323.6421409","2,323.6421409416400000000",0.000000000000000000000000,929.46%
Alma #4,0xe6c30756136e07eb5268c3232efbfbe645c1ba5a,0x4c6BB92f83e0E978270E8325181adeE3F1d0DF7f,"$2,354.0",874.64,190.06,"1,064.69",160.70,"2,290.0895463","2,290.0895462724100000000",0.000000000000000000000000,972.87%
Alma #4,0xe6c30756136e07eb5268c3232efbfbe645c1ba5a,0xB9Df1Ac065Aba19Fb4a23328784665B9b19dEe31,"$2,083.5",874.64,168.22,"1,042.86",142.24,"2,227.9491533","2,227.9491533025600000000",0.000000000000000000000000,1069.34%
Alma #4,0xe6c30756136e07eb5268c3232efbfbe645c1ba5a,0x9bDE6630773bdCAF111F1CC6cc6e405CFa1d8834,"$2,075.5",874.64,167.57,"1,042.21",141.69,"2,226.1093488","2,226.1093487661700000000",0.000000000000000000000000,1072.58%
Alma #4,0xe6c30756136e07eb5268c3232efbfbe645c1ba5a,0x360f9f42411b3355BC448a28F1b399f2718a9363,"$2,000.0",874.64,161.48,"1,036.12",136.54,"2,208.7679393","2,208.7679392839200000000",0.000000000000000000000000,1104.38%
Alma #4,0xe6c30756136e07eb5268c3232efbfbe645c1ba5a,0x434A316B54a1A45d02524F0A8bEBf8A27C3eC715,"$2,000.0",874.64,161.48,"1,036.12",136.54,"2,208.7679393","2,208.7679392839200000000",0.000000000000000000000000,1104.38%
Alma #4,0xe6c30756136e07eb5268c3232efbfbe645c1ba5a,0xe9017c8De5040968D9752A18d805cD2A983E558c,"$2,000.0",874.64,161.48,"1,036.12",136.54,"2,208.7679393","2,208.7679392839200000000",0.000000000000000000000000,1104.38%
Alma #4,0xe6c30756136e07eb5268c3232efbfbe645c1ba5a,0x391985Fdf0F28De092027D52763621221684caDf,"$2,000.0",874.64,161.48,"1,036.12",136.54,"2,208.7679393","2,208.7679392839200000000",0.000000000000000000000000,1104.38%
Alma #4,0xe6c30756136e07eb5268c3232efbfbe645c1ba5a,0x50693E63A0Abb825B1Ba99564954D45B6e45A632,"$1,963.0",874.64,158.49,"1,033.13",134.01,"2,200.2672484","2,200.2672483612500000000",0.000000000000000000000000,1120.87%
Alma #4,0xe6c30756136e07eb5268c3232efbfbe645c1ba5a,0xE7162C0B3902d8122f8E9792f314b972075e6ce4,"$1,854.8",874.64,149.75,"1,024.39",126.62,"2,175.4038762","2,175.4038761544500000000",0.000000000000000000000000,1172.86%
Alma #4,0xe6c30756136e07eb5268c3232efbfbe645c1ba5a,0x416E367b6DFa99B04bD38fb3725c78ABb7132429,"$1,800.0",874.64,145.33,"1,019.97",122.88,"2,162.8182586","2,162.8182586208300000000",0.000000000000000000000000,1201.57%
Alma #4,0xe6c30756136e07eb5268c3232efbfbe645c1ba5a,0xC8D46eb7881975F9aE15216FeEBa2ff58E55803c,"$1,500.0",874.64,121.11,995.75,102.40,"2,093.8937376","2,093.8937376262100000000",0.000000000000000000000000,1395.93%
Alma #4,0xe6c30756136e07eb5268c3232efbfbe645c1ba5a,0xb0Ba26deDC9C1ddAe319de606C3B1279e26be57e,"$1,500.0",874.64,121.11,995.75,102.40,"2,093.8937376","2,093.8937376262100000000",0.000000000000000000000000,1395.93%
Alma #4,0xe6c30756136e07eb5268c3232efbfbe645c1ba5a,0x8f3B566f10DB11b682942DbdA74f90279104d0a1,"$1,500.0",874.64,121.11,995.75,102.40,"2,093.8937376","2,093.8937376262100000000",0.000000000000000000000000,1395.93%
Alma #4,0xe6c30756136e07eb5268c3232efbfbe645c1ba5a,0x850d3158d7BD0090B1c12d800C9E0ECf6410c846,"$1,500.0",874.64,121.11,995.75,102.40,"2,093.8937376","2,093.8937376262100000000",0.000000000000000000000000,1395.93%
Alma #4,0xe6c30756136e07eb5268c3232efbfbe645c1ba5a,0x5dDfBfe0d816f182739C03137C19Da4d16af3820,"$1,230.7",874.64,99.37,974.00,84.02,"2,032.0270876","2,032.0270875814300000000",0.000000000000000000000000,1651.09%
Alma #4,0xe6c30756136e07eb5268c3232efbfbe645c1ba5a,0x377Af2d92f7e09009847a38CeC9b35D5FC95BD35,"$1,200.0",874.64,96.89,971.52,81.92,"2,024.9692166","2,024.9692166315800000000",0.000000000000000000000000,1687.47%
Alma #4,0xe6c30756136e07eb5268c3232efbfbe645c1ba5a,0xA1457afA30b8E396cDE5bAC320eD7c8E7b521BC8,"$1,100.0",874.64,88.81,963.45,75.10,"2,001.9943763","2,001.9943763000300000000",0.000000000000000000000000,1819.99%
Alma #4,0xe6c30756136e07eb5268c3232efbfbe645c1ba5a,0x5FCd8118Adcb4CE6E08cd745eC7C22A8FfeDE3F0,"$1,092.5",874.64,88.21,962.84,74.58,"2,000.2730231","2,000.2730231479400000000",0.000000000000000000000000,1830.90%
Alma #4,0xe6c30756136e07eb5268c3232efbfbe645c1ba5a,0xfE441Ae7F0521386400cE132434E17Bb24e8aee9,"$1,075.0",874.64,86.80,961.43,73.39,"1,996.2506731","1,996.2506731096000000000",0.000000000000000000000000,1856.98%
Alma #4,0xe6c30756136e07eb5268c3232efbfbe645c1ba5a,0xDEc2216FCBf07810D29f25C439bA6214436c4F36,"$1,075.0",874.64,86.80,961.43,73.39,"1,996.2506662","1,996.2506662171500000000",0.000000000000000000000000,1856.98%
Alma #4,0xe6c30756136e07eb5268c3232efbfbe645c1ba5a,0x1Ce606D6AC53866C7bE4F3dbb8AC0E991bBbE614,"$1,071.8",874.64,86.53,961.17,73.17,"1,995.5067156","1,995.5067156148900000000",0.000000000000000000000000,1861.89%
Alma #4,0xe6c30756136e07eb5268c3232efbfbe645c1ba5a,0x1755cFf12A88289f2A884A240E5B1B58ac3A0e58,"$1,058.5",874.64,85.46,960.10,72.26,"1,992.4608399","1,992.4608399428400000000",0.000000000000000000000000,1882.34%
Alma #4,0xe6c30756136e07eb5268c3232efbfbe645c1ba5a,0x00000000Cc0B822819f03424DAcf9077FdAa58A3,"$1,040.1",874.64,83.98,958.61,71.01,"1,988.2365985","1,988.2365984950900000000",0.000000000000000000000000,1911.55%
Alma #4,0xe6c30756136e07eb5268c3232efbfbe645c1ba5a,0x4d2ED284Cb9eBaab06bc01cc1C7f824E5B161378,"$1,040.0",874.64,83.97,958.61,71.00,"1,988.2094721","1,988.2094721011100000000",0.000000000000000000000000,1911.74%
Alma #4,0xe6c30756136e07eb5268c3232efbfbe645c1ba5a,0xBdF4CF8269C3883dd88975E1978a6aA9D3877F2E,"$1,025.0",874.64,82.76,957.39,69.98,"1,984.7636114","1,984.7636113513400000000",0.000000000000000000000000,1936.35%
Alma #4,0xe6c30756136e07eb5268c3232efbfbe645c1ba5a,0x58507cD924340530cbea0883786396e1e9B2c0E3,"$1,009.0",874.64,81.47,956.10,68.88,"1,981.0872716","1,981.0872715983300000000",0.000000000000000000000000,1963.42%
Alma #4,0xe6c30756136e07eb5268c3232efbfbe645c1ba5a,0x4BC496f7B1806A46Aa048b97FDc180c0c79Ce29d,"$1,005.6",874.64,81.19,955.83,68.65,"1,980.3032827","1,980.3032827418200000000",0.000000000000000000000000,1969.30%
Alma #4,0xe6c30756136e07eb5268c3232efbfbe645c1ba5a,0x1795dEE42dEc2705f7a228FE0E62cD0a143A8De3,"$1,005.0",874.64,81.14,955.78,68.61,"1,980.1682780","1,980.1682779850700000000",0.000000000000000000000000,1970.32%
Alma #4,0xe6c30756136e07eb5268c3232efbfbe645c1ba5a,0x5584cF54ADE7C81aB6d6Bc870C714F87FC0a7721,"$1,004.3",874.64,81.09,955.72,68.56,"1,980.0100365","1,980.0100364748000000000",0.000000000000000000000000,1971.51%
Alma #4,0xe6c30756136e07eb5268c3232efbfbe645c1ba5a,0x30bF85E1d0bC7FDEDcbEeFf39225D8037cb0cb7c,"$1,000.0",874.64,80.74,955.38,68.27,"1,979.0195360","1,979.0195359684900000000",0.000000000000000000000000,1979.02%
Alma #4,0xe6c30756136e07eb5268c3232efbfbe645c1ba5a,0xd4dE9F0fa7C40853146AD4994bb3A52615Ffdb40,"$1,000.0",874.64,80.74,955.38,68.27,"1,979.0195360","1,979.0195359684900000000",0.000000000000000000000000,1979.02%
Alma #4,0xe6c30756136e07eb5268c3232efbfbe645c1ba5a,0xC8Dd81E7319339326B95FA16A43E19f4B295aC1e,"$1,000.0",874.64,80.74,955.38,68.27,"1,979.0195360","1,979.0195359684900000000",0.000000000000000000000000,1979.02%
Alma #4,0xe6c30756136e07eb5268c3232efbfbe645c1ba5a,0x9a72B97137065b3816d091310E483811baa1bE0F,"$1,000.0",874.64,80.74,955.38,68.27,"1,979.0195360","1,979.0195359684900000000",0.000000000000000000000000,1979.02%
Alma #4,0xe6c30756136e07eb5268c3232efbfbe645c1ba5a,0x2C3f500d7B743EaE6a41831184fF1CaAE951EA12,"$1,000.0",874.64,80.74,955.38,68.27,"1,979.0195360","1,979.0195359684900000000",0.000000000000000000000000,1979.02%
Alma #4,0xe6c30756136e07eb5268c3232efbfbe645c1ba5a,0xD54809Ece97a0A0956BDD73650530Ffbc825161d,"$1,000.0",874.64,80.74,955.38,68.27,"1,979.0195360","1,979.0195359684900000000",0.000000000000000000000000,1979.02%
Alma #4,0xe6c30756136e07eb5268c3232efbfbe645c1ba5a,0xCEcDc196b88c71e93DE12f2643cC00573A6BfF2D,"$1,000.0",874.64,80.74,955.38,68.27,"1,979.0195360","1,979.0195359684900000000",0.000000000000000000000000,1979.02%
Alma #4,0xe6c30756136e07eb5268c3232efbfbe645c1ba5a,0x2F2588aCd44253312b4A94bF6753bE67514A5Cc6,"$1,000.0",874.64,80.74,955.38,68.27,"1,979.0195360","1,979.0195359684900000000",0.000000000000000000000000,1979.02%
Alma #4,0xe6c30756136e07eb5268c3232efbfbe645c1ba5a,0x046f601CbcBfa162228897AC75C9B61dAF5cEe5F,$980.0,874.64,79.13,953.76,66.90,"1,974.4245679","1,974.4245679021800000000",0.000000000000000000000000,2014.72%
Alma #4,0xe6c30756136e07eb5268c3232efbfbe645c1ba5a,0x3d8EF995A36965f17b4461848A8fBE92789A18dB,$858.3,874.64,69.30,943.93,58.59,"1,946.4631125","1,946.4631124556600000000",0.000000000000000000000000,2267.82%
Alma #4,0xe6c30756136e07eb5268c3232efbfbe645c1ba5a,0xeE5894bb440342457EEa42E46d6aF75bedb14805,$843.7,874.64,68.12,942.75,57.60,"1,943.1064524","1,943.1064524424700000000",0.000000000000000000000000,2303.12%
Alma #4,0xe6c30756136e07eb5268c3232efbfbe645c1ba5a,0x8f95adb1E97fdb9015806aCBBad5bEcC818BeD5d,$840.0,874.64,67.82,942.46,57.35,"1,942.2597914","1,942.2597914380200000000",0.000000000000000000000000,2312.21%
Alma #4,0xe6c30756136e07eb5268c3232efbfbe645c1ba5a,0xC47145A82F21C5Bb731e0Dd419a668a5014A7037,$800.0,874.64,64.59,939.23,54.61,"1,933.0698553","1,933.0698553054100000000",0.000000000000000000000000,2416.34%
Alma #4,0xe6c30756136e07eb5268c3232efbfbe645c1ba5a,0x31a79C7f44820161c645115Bbd2CE96Be9336b3F,$625.0,728.86,50.46,779.33,42.67,"1,601.3186959","1,601.3186959496900000000",0.000000000000000000000000,2562.11%
Alma #4,0xe6c30756136e07eb5268c3232efbfbe645c1ba5a,0x10f6d0f06f6f53a573Ca572dDC4852F21859577f,$531.0,619.24,42.87,662.11,36.25,"1,360.4803641","1,360.4803640788600000000",0.000000000000000000000000,2562.11%
Alma #4,0xe6c30756136e07eb5268c3232efbfbe645c1ba5a,0x73046a85C4DE379C8849FFEAFB2A1892793aa1dA,$514.0,599.42,41.50,640.92,35.09,"1,316.9244955","1,316.9244955490300000000",0.000000000000000000000000,2562.11%
Alma #4,0xe6c30756136e07eb5268c3232efbfbe645c1ba5a,0xBCf3bE746DcCe9C9b1E87D7a03ff199F9aC7eB9E,$505.0,588.92,40.77,629.69,34.48,"1,293.8655063","1,293.8655063273500000000",0.000000000000000000000000,2562.11%
Alma #4,0xe6c30756136e07eb5268c3232efbfbe645c1ba5a,0x42d4643b9e893E8AF5144138bb22144BA3f4dd6a,$504.7,588.53,40.75,629.28,34.45,"1,293.0070381","1,293.0070380934000000000",0.000000000000000000000000,2562.11%
Alma #4,0xe6c30756136e07eb5268c3232efbfbe645c1ba5a,0xe28f4d644942159Dd5b46D17F63e2B142ae70eF9,$500.0,583.09,40.37,623.46,34.13,"1,281.0562455","1,281.0562455010400000000",0.000000000000000000000000,2562.11%
Alma #4,0xe6c30756136e07eb5268c3232efbfbe645c1ba5a,0xFCba0693FC16DCb2a4E8FA7eD3DA31f5296993E4,$500.0,583.09,40.37,623.46,34.13,"1,281.0549568","1,281.0549567597600000000",0.000000000000000000000000,2562.11%
Alma #4,0xe6c30756136e07eb5268c3232efbfbe645c1ba5a,0xd6B01c20918a7Ba5D05E81DC59DEd322962b4D37,$500.0,583.09,40.37,623.46,34.13,"1,281.0549568","1,281.0549567597600000000",0.000000000000000000000000,2562.11%
Alma #4,0xe6c30756136e07eb5268c3232efbfbe645c1ba5a,0x167e95bb2a0BF1201A8BEf7b908629091102E9e7,$500.0,583.09,40.37,623.46,34.13,"1,281.0549568","1,281.0549567597600000000",0.000000000000000000000000,2562.11%
Alma #4,0xe6c30756136e07eb5268c3232efbfbe645c1ba5a,0x033CfB92e4f0e466aB4DbDCe7EaC50a90B3ABDa6,$500.0,583.09,40.37,623.46,34.13,"1,281.0549568","1,281.0549567597600000000",0.000000000000000000000000,2562.11%
Alma #4,0xe6c30756136e07eb5268c3232efbfbe645c1ba5a,0x2031CC88E566e08E7cBD0B8363d36A4141731503,$500.0,583.09,40.37,623.46,34.13,"1,281.0549568","1,281.0549567597600000000",0.000000000000000000000000,2562.11%
Alma #4,0xe6c30756136e07eb5268c3232efbfbe645c1ba5a,0x108Bd550A888B6174b7bB2f555Fc4006B1853984,$500.0,583.09,40.37,623.46,34.13,"1,281.0549568","1,281.0549567597600000000",0.000000000000000000000000,2562.11%
Alma #4,0xe6c30756136e07eb5268c3232efbfbe645c1ba5a,0x652B94DdfE2bbFb905191821369bb9F0861Ed343,$500.0,583.09,40.37,623.46,34.13,"1,281.0549568","1,281.0549567597600000000",0.000000000000000000000000,2562.11%
Alma #4,0xe6c30756136e07eb5268c3232efbfbe645c1ba5a,0x8149DC18D39FDBa137E43C871e7801E7CF566D41,$500.0,583.09,40.37,623.46,34.13,"1,281.0549568","1,281.0549567597600000000",0.000000000000000000000000,2562.11%
Alma #4,0xe6c30756136e07eb5268c3232efbfbe645c1ba5a,0x3d8EF995A36965f17b4461848A8fBE92789A18dB,$477.0,556.27,38.51,594.78,32.56,"1,222.1264287","1,222.1264287488100000000",0.000000000000000000000000,2562.11%
Alma #4,0xe6c30756136e07eb5268c3232efbfbe645c1ba5a,0x8874470F7a5a6485ad1aBf163399BBeD0eAcc663,$400.0,466.47,32.30,498.77,27.31,"1,024.8439654","1,024.8439654078000000000",0.000000000000000000000000,2562.11%
Alma #4,0xe6c30756136e07eb5268c3232efbfbe645c1ba5a,0x03C71Ab47AD0263F57f274E1094A50b74C10f934,$300.0,349.85,24.22,374.08,20.48,768.6329741,768.6329740558530000000,0.000000000000000000000000,2562.11%
Alma #4,0xe6c30756136e07eb5268c3232efbfbe645c1ba5a,0x762A91Ab7615e306547E2dD1385693dacb0809f5,$300.0,349.85,24.22,374.08,20.48,768.6329741,768.6329740558530000000,0.000000000000000000000000,2562.11%
Alma #4,0xe6c30756136e07eb5268c3232efbfbe645c1ba5a,0x7867c5f717A833f9c29790b3424E69f8c1d164fA,$300.0,349.85,24.22,374.08,20.48,768.6329741,768.6329740558530000000,0.000000000000000000000000,2562.11%
Alma #4,0xe6c30756136e07eb5268c3232efbfbe645c1ba5a,0xDfAC48Ba52DA464CDbFf2F67849784384b0E874E,$250.0,291.55,20.19,311.73,17.07,640.5274784,640.5274783798780000000,0.000000000000000000000000,2562.11%
Alma #4,0xe6c30756136e07eb5268c3232efbfbe645c1ba5a,0x298C7de0ABf45AA9290D77c1F77b4D2BD2472f0A,$250.0,291.55,20.19,311.73,17.07,640.5274784,640.5274783798780000000,0.000000000000000000000000,2562.11%
Alma #4,0xe6c30756136e07eb5268c3232efbfbe645c1ba5a,0xC332F7D5bCc09cA423D88A3fc1b6694474a455aC,$201.0,234.40,16.23,250.63,13.72,514.9840926,514.9840926174220000000,0.000000000000000000000000,2562.11%
Alma #4,0xe6c30756136e07eb5268c3232efbfbe645c1ba5a,0x93349626f432ff662BaF53E649783C0E95e29FB0,$201.0,234.40,16.23,250.63,13.72,514.9840926,514.9840926174220000000,0.000000000000000000000000,2562.11%
Alma #4,0xe6c30756136e07eb5268c3232efbfbe645c1ba5a,0x29c45fF4e5C6E6F99A4110f56DB8327563Af69A7,$181.5,211.69,14.66,226.35,12.39,465.0936533,465.0936532889650000000,0.000000000000000000000000,2562.11%
Alma #4,0xe6c30756136e07eb5268c3232efbfbe645c1ba5a,0xA8D5040bf6D02Be09dF157c3D8777DDE21eE9690,$150.0,174.93,12.11,187.04,10.24,384.3164870,384.3164870279270000000,0.000000000000000000000000,2562.11%
Alma #4,0xe6c30756136e07eb5268c3232efbfbe645c1ba5a,0x1426D2146c7477c404A8434b94EeCf0e1C1580B0,$122.2,142.48,9.86,152.34,8.34,313.0282639,313.0282639308620000000,0.000000000000000000000000,2562.11%
Alma #4,0xe6c30756136e07eb5268c3232efbfbe645c1ba5a,0xf4f16c2fC1d162c31C80FF31008e4a3a23Bf4281,$112.9,131.71,9.12,140.83,7.71,289.3761616,289.3761616368670000000,0.000000000000000000000000,2562.11%
Alma #4,0xe6c30756136e07eb5268c3232efbfbe645c1ba5a,0x6709a89090732f5695Aa07EA29fB7318aa08E895,$111.0,129.45,8.96,138.41,7.58,284.3942004,284.3942004006660000000,0.000000000000000000000000,2562.11%
Alma #4,0xe6c30756136e07eb5268c3232efbfbe645c1ba5a,0x0544C10cf254EedE9711b9Fb6CC803Ff3C3Bb628,$110.0,128.28,8.88,137.16,7.51,281.8320905,281.8320904871460000000,0.000000000000000000000000,2562.11%
Alma #4,0xe6c30756136e07eb5268c3232efbfbe645c1ba5a,0x313867F1eE7Efa752f85f33b2e7b558736353228,$110.0,128.28,8.88,137.16,7.51,281.8320905,281.8320904871460000000,0.000000000000000000000000,2562.11%
Alma #4,0xe6c30756136e07eb5268c3232efbfbe645c1ba5a,0xECD02810Db92Ff027ea1b0850d46BdA963676D74,$101.0,117.82,8.16,125.98,6.90,258.8586322,258.8586321807140000000,0.000000000000000000000000,2562.11%
Alma #4,0xe6c30756136e07eb5268c3232efbfbe645c1ba5a,0x5a756d9C7cAA740E0342f755fa8Ad32e6F83726b,$101.0,117.78,8.15,125.94,6.90,258.7731013,258.7731012654710000000,0.000000000000000000000000,2562.11%
Alma #4,0xe6c30756136e07eb5268c3232efbfbe645c1ba5a,0x9b1aEC32d465Fdaf78199860AEf660ED6cA5a2B6,$101.0,117.78,8.15,125.94,6.90,258.7731013,258.7731012654710000000,0.000000000000000000000000,2562.11%
Alma #4,0xe6c30756136e07eb5268c3232efbfbe645c1ba5a,0x6Ec925Cf05A9C2d0547CAC7393184daD4942E579,$100.0,116.62,8.07,124.69,6.83,256.2109914,256.2109913519510000000,0.000000000000000000000000,2562.11%
Alma #4,0xe6c30756136e07eb5268c3232efbfbe645c1ba5a,0x8100311305c9f81330d23c33fD9f6FF0093D12D3,$100.0,116.62,8.07,124.69,6.83,256.2109914,256.2109913519510000000,0.000000000000000000000000,2562.11%
Alma #4,0xe6c30756136e07eb5268c3232efbfbe645c1ba5a,0x2CA4425A257e770A21b3F604d7c52b7C1239DeF4,$100.0,116.62,8.07,124.69,6.83,256.2109914,256.2109913519510000000,0.000000000000000000000000,2562.11%
Alma #4,0xe6c30756136e07eb5268c3232efbfbe645c1ba5a,0x02483ab8b7eb1804Db8DA2b734a15F5813615f85,$100.0,116.62,8.07,124.69,6.83,256.2109914,256.2109913519510000000,0.000000000000000000000000,2562.11%
Alma #4,0xe6c30756136e07eb5268c3232efbfbe645c1ba5a,0x792a97FBE51AC086360021117f403954291aD332,$100.0,116.62,8.07,124.69,6.83,256.2109914,256.2109913519510000000,0.000000000000000000000000,2562.11%
Alma #4,0xe6c30756136e07eb5268c3232efbfbe645c1ba5a,0x9704f55Aa24237625F4A23A0AC2B31a9Cf22fAb8,$100.0,116.60,8.07,124.68,6.83,256.1790931,256.1790930835280000000,0.000000000000000000000000,2562.11%
Alma #4,0xe6c30756136e07eb5268c3232efbfbe645c1ba5a,0xfaBB4F3885a013b4AB1f20414038A265dd6be647,$83.2,97.04,6.72,103.76,5.68,213.1945776,213.1945776265210000000,0.000000000000000000000000,2562.11%
Alma #4,0xe6c30756136e07eb5268c3232efbfbe645c1ba5a,0xF3D7459C7F6F75252AAdF594D2Ea74F04B359F82,$16.0,18.70,1.29,20.00,1.09,41.0913904,41.0913903766768000000,0.000000000000000000000000,2562.11%
Alma #5,0x1d596d28a7923a22aa013b0e7082bba23daa656b,0x2b2B7fEC2Ba5854AeF243C21a583d8e61Ee82c32,"$275,000.0",874.64,"22,203.50","23,078.14","18,849.52","65,005.7882292",874.6355663265310000000,"64,131.152662833300000000000000",236.38%
Alma #5,0x1d596d28a7923a22aa013b0e7082bba23daa656b,0x9688e30E7A78A7fb2Ec28ec492194120BeEd5942,"$234,181.0",874.64,"18,907.77","19,782.41","16,051.63","55,616.4508788",874.6355663265310000000,"54,741.815312424900000000000000",237.49%
Alma #5,0x1d596d28a7923a22aa013b0e7082bba23daa656b,0xF212cE21a97dbe30999a4c2B309d278BCcBb686A,"$100,000.0",874.64,"8,074.00","8,948.64","6,854.37","24,751.6409859",874.6355663265310000000,"23,877.005419601700000000000000",247.52%
Alma #5,0x1d596d28a7923a22aa013b0e7082bba23daa656b,0x64CEe4d9D5F4f7A231dD53d48c1d19BEBd71DbE0,"$100,000.0",874.64,"8,074.00","8,948.64","6,854.37","24,751.6409859",874.6355663265310000000,"23,877.005419601700000000000000",247.52%
Alma #5,0x1d596d28a7923a22aa013b0e7082bba23daa656b,0xc8Fd7C330e31f2635F4a67790f391Edf2e493DDb,"$99,500.0",874.64,"8,033.63","8,908.27","6,820.10","24,636.6291367",874.6355663265310000000,"23,761.993570335400000000000000",247.60%
Alma #5,0x1d596d28a7923a22aa013b0e7082bba23daa656b,0x0Ae9b28ccBe5CFE2BD4E6731392441023c9d6cB9,"$82,758.8",874.64,"6,681.95","7,556.58","5,672.60","20,785.7614093",874.6355663265310000000,"19,911.125842975500000000000000",251.16%
Alma #5,0x1d596d28a7923a22aa013b0e7082bba23daa656b,0xFB40932271Fc9Db9DbF048E80697E2Da4AA57250,"$50,399.9",874.64,"4,069.29","4,943.92","3,454.59","13,342.4358886",874.6355663265310000000,"12,467.800322322500000000000000",264.73%
Alma #5,0x1d596d28a7923a22aa013b0e7082bba23daa656b,0xB5a790758Cdb6644305d1Cf368b67bbbA4c9a68C,"$40,000.0",874.64,"3,229.60","4,104.24","2,741.75","10,950.2190740",874.6355663265310000000,"10,075.583507636600000000000000",273.76%
Alma #5,0x1d596d28a7923a22aa013b0e7082bba23daa656b,0x3Ed23D80c7B9e3a159316b3F47bbDaB738Ba893E,"$25,000.0",874.64,"2,018.50","2,893.14","1,713.59","7,499.8635960",874.6355663265310000000,"6,625.228029645330000000000000",299.99%
Alma #5,0x1d596d28a7923a22aa013b0e7082bba23daa656b,0xa70e6fE4488104Be32B9B657F5Be7B68aFc17f9a,"$25,000.0",874.64,"2,018.50","2,893.14","1,713.59","7,499.8635960",874.6355663265310000000,"6,625.228029645330000000000000",299.99%
Alma #5,0x1d596d28a7923a22aa013b0e7082bba23daa656b,0xa2dD0ed4C27B27e6Dbf4d1E07C956599F0251b81,"$20,285.0",874.64,"1,637.81","2,512.45","1,390.41","6,415.3018574",874.6355663265310000000,"5,540.666291063410000000000000",316.26%
Alma #5,0x1d596d28a7923a22aa013b0e7082bba23daa656b,0xB6605F98A5562b1AC821Bc5f2B75934239e8c6D6,"$20,000.0",874.64,"1,614.80","2,489.44","1,370.87","6,349.7451033","6,349.7451033081000000000",0.000000000000000000000000,317.49%
Alma #5,0x1d596d28a7923a22aa013b0e7082bba23daa656b,0xb69BcDD524fA3ffa0549B3b1D15Efa94AD26c42A,"$20,000.0",874.64,"1,614.80","2,489.44","1,370.87","6,349.7451033","6,349.7451033081000000000",0.000000000000000000000000,317.49%
Alma #5,0x1d596d28a7923a22aa013b0e7082bba23daa656b,0xA05967ed87D17aC0978101B73Cf784573A801bE7,"$16,229.0",874.64,"1,310.33","2,184.97","1,112.40","5,482.3257361","5,482.3257361410900000000",0.000000000000000000000000,337.81%
Alma #5,0x1d596d28a7923a22aa013b0e7082bba23daa656b,0xBB34666407e47f87a44E4540ee765909506CB105,"$10,000.0",874.64,807.40,"1,682.04",685.44,"4,049.5081180","4,049.5081179805800000000",0.000000000000000000000000,404.95%
Alma #5,0x1d596d28a7923a22aa013b0e7082bba23daa656b,0x8B0A7643F7A880Cb635A5Ed1AD96817C6eb39800,"$10,000.0",874.64,807.40,"1,682.04",685.44,"4,049.5081180","4,049.5081179805800000000",0.000000000000000000000000,404.95%
Alma #5,0x1d596d28a7923a22aa013b0e7082bba23daa656b,0x728A8ab23f29679d2aBa7E63Acd5144e42e91C81,"$9,972.9",874.64,805.21,"1,679.85",683.58,"4,043.2761894","4,043.2761894269000000000",0.000000000000000000000000,405.43%
Alma #5,0x1d596d28a7923a22aa013b0e7082bba23daa656b,0x3b21b13B99A903c37B62001D63864CB405F103bF,"$7,099.0",874.64,573.17,"1,447.81",486.59,"3,382.2093685","3,382.2093685370700000000",0.000000000000000000000000,476.43%
Alma #5,0x1d596d28a7923a22aa013b0e7082bba23daa656b,0x12AC1C9D14576a47453c006c1F72228600ebfc09,"$6,000.0",874.64,484.44,"1,359.08",411.26,"3,129.4133238","3,129.4133238495700000000",0.000000000000000000000000,521.57%
Alma #5,0x1d596d28a7923a22aa013b0e7082bba23daa656b,0xA9415413F979f25277792d4991212336bCbf6C6B,"$6,000.0",874.64,484.44,"1,359.08",411.26,"3,129.4133238","3,129.4133238495700000000",0.000000000000000000000000,521.57%
Alma #5,0x1d596d28a7923a22aa013b0e7082bba23daa656b,0xc5467213593778E528f0eB8117cc7AFBC5b7491b,"$5,209.1",874.64,420.58,"1,295.22",357.05,"2,947.4849423","2,947.4849423082000000000",0.000000000000000000000000,565.84%
Alma #5,0x1d596d28a7923a22aa013b0e7082bba23daa656b,0x2dACCec87C9c05DAf1EBfFaf18c4d1f84d165E1B,"$5,001.0",874.64,403.78,"1,278.42",342.79,"2,899.6196490","2,899.6196490153500000000",0.000000000000000000000000,579.81%
Alma #5,0x1d596d28a7923a22aa013b0e7082bba23daa656b,0x55AEA4cd456478d56F598E06A0dB228192D5eb84,"$5,000.3",874.64,403.73,"1,278.36",342.74,"2,899.4645348","2,899.4645348344900000000",0.000000000000000000000000,579.86%
Alma #5,0x1d596d28a7923a22aa013b0e7082bba23daa656b,0x263DE256b8FdAfed8BA91368b461F659Bb916061,"$5,000.0",874.64,403.70,"1,278.34",342.72,"2,899.3896253","2,899.3896253168200000000",0.000000000000000000000000,579.88%
Alma #5,0x1d596d28a7923a22aa013b0e7082bba23daa656b,0x850d3158d7BD0090B1c12d800C9E0ECf6410c846,"$5,000.0",874.64,403.70,"1,278.34",342.72,"2,899.3896253","2,899.3896253168200000000",0.000000000000000000000000,579.88%
Alma #5,0x1d596d28a7923a22aa013b0e7082bba23daa656b,0x9deBADcAAE4820092c8Ff7DC741C9ec7D9E95027,"$4,000.0",874.64,322.96,"1,197.60",274.17,"2,669.3659268","2,669.3659267840700000000",0.000000000000000000000000,667.34%
Alma #5,0x1d596d28a7923a22aa013b0e7082bba23daa656b,0xc70Aa0Bc5C372CA2006204C91Af480dacF621Bac,"$3,972.7",874.64,320.75,"1,195.39",272.30,"2,663.0790548","2,663.0790547697500000000",0.000000000000000000000000,670.35%
Alma #5,0x1d596d28a7923a22aa013b0e7082bba23daa656b,0xDF632eA5Ba8283488aAe8538e17a2F802243A61A,"$2,990.4",874.64,241.44,"1,116.08",204.97,"2,437.1267435","2,437.1267434977100000000",0.000000000000000000000000,814.99%
Alma #5,0x1d596d28a7923a22aa013b0e7082bba23daa656b,0xCa86832b1323CbA5F6cA156D667E4e26D3F20F10,"$2,985.0",874.64,241.01,"1,115.64",204.60,"2,435.8918728","2,435.8918727733300000000",0.000000000000000000000000,816.04%
Alma #5,0x1d596d28a7923a22aa013b0e7082bba23daa656b,0xA05967ed87D17aC0978101B73Cf784573A801bE7,"$2,688.0",874.64,217.03,"1,091.66",184.25,"2,367.5748343","2,367.5748343091000000000",0.000000000000000000000000,880.79%
Alma #5,0x1d596d28a7923a22aa013b0e7082bba23daa656b,0xb478ab91A9FAA7cC8503d85dc8Ef35ba4bBcB45E,"$2,532.0",874.64,204.43,"1,079.07",173.55,"2,331.6911373","2,331.6911373379900000000",0.000000000000000000000000,920.89%
Alma #5,0x1d596d28a7923a22aa013b0e7082bba23daa656b,0x34BdaB3042Cfd0614658B2E1da368F8Ca484929A,"$2,101.9",874.64,169.71,"1,044.34",144.07,"2,232.7560722","2,232.7560722061500000000",0.000000000000000000000000,1062.26%
Alma #5,0x1d596d28a7923a22aa013b0e7082bba23daa656b,0x9bDE6630773bdCAF111F1CC6cc6e405CFa1d8834,"$2,069.3",874.64,167.08,"1,041.71",141.84,"2,225.2608466","2,225.2608465994100000000",0.000000000000000000000000,1075.37%
Alma #5,0x1d596d28a7923a22aa013b0e7082bba23daa656b,0xA32A9012c785e945ba7e64D79405e80982B68bf5,"$2,009.4",874.64,162.24,"1,036.87",137.73,"2,211.4729823","2,211.4729822842400000000",0.000000000000000000000000,1100.58%
Alma #5,0x1d596d28a7923a22aa013b0e7082bba23daa656b,0xBdcbAE4C1879621d12C73F93B9788f8338860e9D,"$2,000.0",874.64,161.48,"1,036.12",137.09,"2,209.3185297","2,209.3185297185700000000",0.000000000000000000000000,1104.66%
Alma #5,0x1d596d28a7923a22aa013b0e7082bba23daa656b,0x3Fe72B97B562b5a7fb2B1c86060912DA30d218e3,"$1,641.9",874.64,132.57,"1,007.20",112.54,"2,126.9476574","2,126.9476574372600000000",0.000000000000000000000000,1295.42%
Alma #5,0x1d596d28a7923a22aa013b0e7082bba23daa656b,0x10A590f528Eff3D5de18C90da6e03A4ACDDE3a7D,"$1,530.9",874.64,123.60,998.24,104.93,"2,101.4066080","2,101.4066080327600000000",0.000000000000000000000000,1372.69%
Alma #5,0x1d596d28a7923a22aa013b0e7082bba23daa656b,0xeA6207D0a53A8d4834C5E889E53c1Acc1fe52Bf3,"$1,509.9",874.64,121.91,996.55,103.50,"2,096.5933713","2,096.5933713419100000000",0.000000000000000000000000,1388.53%
Alma #5,0x1d596d28a7923a22aa013b0e7082bba23daa656b,0xA05967ed87D17aC0978101B73Cf784573A801bE7,"$1,083.0",874.64,87.44,962.08,74.23,"1,998.3867982","1,998.3867981640300000000",0.000000000000000000000000,1845.23%
Alma #5,0x1d596d28a7923a22aa013b0e7082bba23daa656b,0x4679c6a025c3385E6b842dFA7A3d2831fa3b1Ac5,"$1,063.3",874.64,85.85,960.49,72.88,"1,993.8600836","1,993.8600835925500000000",0.000000000000000000000000,1875.13%
Alma #5,0x1d596d28a7923a22aa013b0e7082bba23daa656b,0x0161d1Cc10116bb2a073A0c293d5E4F1a97A00b6,"$1,051.0",874.64,84.86,959.49,72.04,"1,991.0188516","1,991.0188515704000000000",0.000000000000000000000000,1894.46%
Alma #5,0x1d596d28a7923a22aa013b0e7082bba23daa656b,0xecB98E3B08Ab27c6cb21E0C2A90Dcd07B35C129C,"$1,036.5",874.64,83.69,958.32,71.04,"1,987.6886375","1,987.6886374701600000000",0.000000000000000000000000,1917.71%
Alma #5,0x1d596d28a7923a22aa013b0e7082bba23daa656b,0xEDa7464376d91a614A9267E786E2da1F77C7921E,"$1,033.0",874.64,83.40,958.04,70.81,"1,986.8856132","1,986.8856132373900000000",0.000000000000000000000000,1923.41%
Alma #5,0x1d596d28a7923a22aa013b0e7082bba23daa656b,0xA3DA7b05bf56a6b090f21B0513316851dDf839A8,"$1,031.8",874.64,83.31,957.94,70.72,"1,986.6033512","1,986.6033511569200000000",0.000000000000000000000000,1925.43%
Alma #5,0x1d596d28a7923a22aa013b0e7082bba23daa656b,0xd73F607911967e716E9c275e71831d90C22E9bC2,"$1,031.6",874.64,83.29,957.93,70.71,"1,986.5646083","1,986.5646082653800000000",0.000000000000000000000000,1925.70%
Alma #5,0x1d596d28a7923a22aa013b0e7082bba23daa656b,0xaeE76D8C25893CDC8ba659b6f89A304E2208f234,"$1,024.0",874.64,82.68,957.31,70.19,"1,984.8154000","1,984.8153999506000000000",0.000000000000000000000000,1938.30%
Alma #5,0x1d596d28a7923a22aa013b0e7082bba23daa656b,0xA3deB012Dca06b12a7e9AE06738fCCB4D39a6324,"$1,005.7",874.64,81.20,955.84,68.94,"1,980.6126968","1,980.6126967608700000000",0.000000000000000000000000,1969.33%
Alma #5,0x1d596d28a7923a22aa013b0e7082bba23daa656b,0xc85b28a821F29bdDa4413bE8F2f3E71F1f69F6EE,"$1,001.0",874.64,80.82,955.46,68.61,"1,979.5248549","1,979.5248548843500000000",0.000000000000000000000000,1977.55%
Alma #5,0x1d596d28a7923a22aa013b0e7082bba23daa656b,0xcB0A2dbB9DA3F6228255510dF572CB5634cfDAEF,"$1,000.0",874.64,80.74,955.38,68.54,"1,979.2948312","1,979.2948311858100000000",0.000000000000000000000000,1979.29%
Alma #5,0x1d596d28a7923a22aa013b0e7082bba23daa656b,0xE8D223D240007106b390Bb549b67B8d45cB5143d,"$1,000.0",874.64,80.74,955.38,68.54,"1,979.2948312","1,979.2948311858100000000",0.000000000000000000000000,1979.29%
Alma #5,0x1d596d28a7923a22aa013b0e7082bba23daa656b,0x830eb974d66829dAB458CBA37944b4AFe7A0f409,"$1,000.0",874.64,80.74,955.38,68.54,"1,979.2948312","1,979.2948311858100000000",0.000000000000000000000000,1979.29%
Alma #5,0x1d596d28a7923a22aa013b0e7082bba23daa656b,0x32596CaDEcFbce13D3Dd68864135e8876C9CD8B6,"$1,000.0",874.64,80.74,955.38,68.54,"1,979.2948312","1,979.2948311858100000000",0.000000000000000000000000,1979.29%
Alma #5,0x1d596d28a7923a22aa013b0e7082bba23daa656b,0x12C444593336f75f42E83b6FdC833607d21b943F,"$1,000.0",874.64,80.74,955.38,68.54,"1,979.2948312","1,979.2948311858100000000",0.000000000000000000000000,1979.29%
Alma #5,0x1d596d28a7923a22aa013b0e7082bba23daa656b,0x3d8EF995A36965f17b4461848A8fBE92789A18dB,"$1,000.0",874.64,80.74,955.38,68.54,"1,979.2948312","1,979.2948311858100000000",0.000000000000000000000000,1979.29%
Alma #5,0x1d596d28a7923a22aa013b0e7082bba23daa656b,0x294388d7f62065784666F797ca6919a4B8CeF4ab,"$1,000.0",874.64,80.74,955.38,68.54,"1,979.2948312","1,979.2948311858100000000",0.000000000000000000000000,1979.29%
Alma #5,0x1d596d28a7923a22aa013b0e7082bba23daa656b,0xd144992C2906B7ccb810a09D91c528cc4d32934c,"$1,000.0",874.64,80.74,955.38,68.54,"1,979.2948312","1,979.2948311858100000000",0.000000000000000000000000,1979.29%
Alma #5,0x1d596d28a7923a22aa013b0e7082bba23daa656b,0xE7738f1faA18B5008B967cf59e1A7B2e07a8Bb0a,$943.1,874.64,76.15,950.78,64.64,"1,966.2083144","1,966.2083144180100000000",0.000000000000000000000000,2084.82%
Alma #5,0x1d596d28a7923a22aa013b0e7082bba23daa656b,0x2A98f5b29B205f9f18C7731486096516878589ed,$900.0,874.64,72.67,947.30,61.69,"1,956.2924613","1,956.2924613325400000000",0.000000000000000000000000,2173.66%
Alma #5,0x1d596d28a7923a22aa013b0e7082bba23daa656b,0x36f26E2E5BED062968c17FC770863FD740713205,$555.0,647.23,44.81,692.04,38.04,"1,422.1237908","1,422.1237908489400000000",0.000000000000000000000000,2562.39%
Alma #5,0x1d596d28a7923a22aa013b0e7082bba23daa656b,0xa0eB86bbFaBAC782B049ac97285a40B23fb30386,$516.0,601.75,41.66,643.41,35.37,"1,322.1907677","1,322.1907677082100000000",0.000000000000000000000000,2562.39%
Alma #5,0x1d596d28a7923a22aa013b0e7082bba23daa656b,0xe16843c04f25B559CFb34EcF160063e0d71208EA,$516.0,601.75,41.66,643.41,35.37,"1,322.1907677","1,322.1907677082100000000",0.000000000000000000000000,2562.39%
Alma #5,0x1d596d28a7923a22aa013b0e7082bba23daa656b,0x87dBEc2d97c0E2025B1Cc64a9d527a2995268Bcc,$516.0,601.75,41.66,643.41,35.37,"1,322.1907677","1,322.1907677082100000000",0.000000000000000000000000,2562.39%
Alma #5,0x1d596d28a7923a22aa013b0e7082bba23daa656b,0xdC509d0334c1F6a47af914e222391b0639A211Fb,$516.0,601.75,41.66,643.41,35.37,"1,322.1907677","1,322.1907677082100000000",0.000000000000000000000000,2562.39%
Alma #5,0x1d596d28a7923a22aa013b0e7082bba23daa656b,0x20B8F57Cf7499Cb448b25AEc4Ee02A8a6Fb7c6d7,$516.0,601.75,41.66,643.41,35.37,"1,322.1907677","1,322.1907677082100000000",0.000000000000000000000000,2562.39%
Alma #5,0x1d596d28a7923a22aa013b0e7082bba23daa656b,0x6C648FD0F179c567B3Ef635FD204dF74bACa1Da4,$516.0,601.75,41.66,643.41,35.37,"1,322.1907677","1,322.1907677082100000000",0.000000000000000000000000,2562.39%
Alma #5,0x1d596d28a7923a22aa013b0e7082bba23daa656b,0x5c780a9B51D8358b230C4c92342cB57b1bcf1900,$507.6,591.91,40.98,632.89,34.79,"1,300.5650693","1,300.5650693216600000000",0.000000000000000000000000,2562.39%
Alma #5,0x1d596d28a7923a22aa013b0e7082bba23daa656b,0xef89e95c889f349F8Ae3C226D87c94a96F6a9Bfc,$506.6,590.77,40.90,631.67,34.72,"1,298.0683734","1,298.0683734201300000000",0.000000000000000000000000,2562.39%
Alma #5,0x1d596d28a7923a22aa013b0e7082bba23daa656b,0x078B8Ff955e3cf77550Bf2f2eDFc0AAcbc29ADc6,$502.5,586.04,40.57,626.61,34.45,"1,287.6726357","1,287.6726356971000000000",0.000000000000000000000000,2562.39%
Alma #5,0x1d596d28a7923a22aa013b0e7082bba23daa656b,0x4F9eab0394e41fc5d43f3Bf99e92148399da77a3,$500.0,583.09,40.37,623.46,34.27,"1,281.1926044","1,281.1926043684200000000",0.000000000000000000000000,2562.39%
Alma #5,0x1d596d28a7923a22aa013b0e7082bba23daa656b,0xA9DA96fDDE324a1471E7FAFa86C8Ede51B3cd617,$500.0,583.09,40.37,623.46,34.27,"1,281.1926044","1,281.1926043684200000000",0.000000000000000000000000,2562.39%
Alma #5,0x1d596d28a7923a22aa013b0e7082bba23daa656b,0x5b4b0E98864F21650fC14e529785e925F05089Fa,$500.0,583.09,40.37,623.46,34.27,"1,281.1926044","1,281.1926043684200000000",0.000000000000000000000000,2562.39%
Alma #5,0x1d596d28a7923a22aa013b0e7082bba23daa656b,0xDf839BbBE062AE73493a6961fC34849b53F1c154,$500.0,583.09,40.37,623.46,34.27,"1,281.1926044","1,281.1926043684200000000",0.000000000000000000000000,2562.39%
Alma #5,0x1d596d28a7923a22aa013b0e7082bba23daa656b,0xD4ABdDE483BC424AB77916612850e9a30220918A,$500.0,583.09,40.37,623.46,34.27,"1,281.1926044","1,281.1926043684200000000",0.000000000000000000000000,2562.39%
Alma #5,0x1d596d28a7923a22aa013b0e7082bba23daa656b,0x95F3537D482C6641ff494cD3c8E6e958A9Daa016,$500.0,583.09,40.37,623.46,34.27,"1,281.1926044","1,281.1926043684200000000",0.000000000000000000000000,2562.39%
Alma #5,0x1d596d28a7923a22aa013b0e7082bba23daa656b,0xd5e089906d0c759F27403f3db7AE76007cA09Dad,$500.0,583.09,40.37,623.46,34.27,"1,281.1926044","1,281.1926043684200000000",0.000000000000000000000000,2562.39%
Alma #5,0x1d596d28a7923a22aa013b0e7082bba23daa656b,0x12346f18481852C70f6F03DeB13E050c7D4eaf90,$495.0,577.26,39.97,617.23,33.93,"1,268.3806783","1,268.3806783247300000000",0.000000000000000000000000,2562.39%
Alma #5,0x1d596d28a7923a22aa013b0e7082bba23daa656b,0xFE69842F9CFc9f98aea85525bF7360A87863244d,$460.0,536.44,37.14,573.58,31.53,"1,178.6971960","1,178.6971960189400000000",0.000000000000000000000000,2562.39%
Alma #5,0x1d596d28a7923a22aa013b0e7082bba23daa656b,0xaCdcd97bf83Eb1ad73A143eDc70EE3D4510ea728,$400.0,466.47,32.30,498.77,27.42,"1,024.9540835","1,024.9540834947300000000",0.000000000000000000000000,2562.39%
Alma #5,0x1d596d28a7923a22aa013b0e7082bba23daa656b,0x4c17CC6b4d65b5FDb81032b0faAa42b28a6aBE1D,$299.0,348.65,24.14,372.79,20.49,766.0762187,766.0762187349540000000,0.000000000000000000000000,2562.39%
Alma #5,0x1d596d28a7923a22aa013b0e7082bba23daa656b,0xc47E00aEB69c3fBDb79201270deD5a5066832A81,$294.0,342.90,23.74,366.64,20.15,753.4368540,753.4368539607670000000,0.000000000000000000000000,2562.39%
Alma #5,0x1d596d28a7923a22aa013b0e7082bba23daa656b,0x26506afE2809266719E8557d3fdD4a0359295A7e,$274.7,320.35,22.18,342.53,18.83,703.8906479,703.8906478738030000000,0.000000000000000000000000,2562.39%
Alma #5,0x1d596d28a7923a22aa013b0e7082bba23daa656b,0xa832146bF5d44e7Ef19aB9ad7D2397cfAd0ac53e,$260.0,303.21,20.99,324.20,17.82,666.2201543,666.2201542715770000000,0.000000000000000000000000,2562.39%
Alma #5,0x1d596d28a7923a22aa013b0e7082bba23daa656b,0x56f8b7E289058ff2852E8a1E925655eB442631af,$260.0,303.21,20.99,324.20,17.82,666.2201543,666.2201542715770000000,0.000000000000000000000000,2562.39%
Alma #5,0x1d596d28a7923a22aa013b0e7082bba23daa656b,0xfAc764f39866e52465cf3d1fe8a959A3A9Fc6d27,$253.2,295.33,20.45,315.78,17.36,648.9233341,648.9233340823600000000,0.000000000000000000000000,2562.39%
Alma #5,0x1d596d28a7923a22aa013b0e7082bba23daa656b,0xDfAC48Ba52DA464CDbFf2F67849784384b0E874E,$226.3,263.96,18.28,282.23,15.51,579.9829545,579.9829545146640000000,0.000000000000000000000000,2562.39%
Alma #5,0x1d596d28a7923a22aa013b0e7082bba23daa656b,0x96E0Fc56FDE665F3145ba1d8a105Ed82Df6B99CE,$200.0,233.25,16.15,249.40,13.71,512.5074931,512.5074931331870000000,0.000000000000000000000000,2562.39%
Alma #5,0x1d596d28a7923a22aa013b0e7082bba23daa656b,0x9c6752E8F7f72654740193061BaAD24E749C48e8,$200.0,233.24,16.15,249.38,13.71,512.4770417,512.4770417473670000000,0.000000000000000000000000,2562.39%
Alma #5,0x1d596d28a7923a22aa013b0e7082bba23daa656b,0x9c6752E8F7f72654740193061BaAD24E749C48e8,$200.0,233.24,16.15,249.38,13.71,512.4770417,512.4770417473670000000,0.000000000000000000000000,2562.39%
Alma #5,0x1d596d28a7923a22aa013b0e7082bba23daa656b,0x2D63f94B6B3F5859DcFdE3BaF6E2b4743e81c1bD,$200.0,233.24,16.15,249.38,13.71,512.4770417,512.4770417473670000000,0.000000000000000000000000,2562.39%
Alma #5,0x1d596d28a7923a22aa013b0e7082bba23daa656b,0xdCD219C85863FC8eEcd8b743FaaBFc6de234c578,$200.0,233.24,16.15,249.38,13.71,512.4770417,512.4770417473670000000,0.000000000000000000000000,2562.39%
Alma #5,0x1d596d28a7923a22aa013b0e7082bba23daa656b,0x4F95Ad114FbDdF8DF0756017e9bC856e730b2796,$200.0,233.24,16.15,249.38,13.71,512.4770417,512.4770417473670000000,0.000000000000000000000000,2562.39%
Alma #5,0x1d596d28a7923a22aa013b0e7082bba23daa656b,0x5A27d268e830655E908a0a2C3B24F572695AF5e8,$200.0,233.24,16.15,249.38,13.71,512.4770417,512.4770417473670000000,0.000000000000000000000000,2562.39%
Alma #5,0x1d596d28a7923a22aa013b0e7082bba23daa656b,0x0d1B8A36D4b791DbF84EF5a769DeD0F738611d95,$200.0,233.24,16.15,249.38,13.71,512.4770417,512.4770417473670000000,0.000000000000000000000000,2562.39%
Alma #5,0x1d596d28a7923a22aa013b0e7082bba23daa656b,0xffe885E77Fd52cc2821AD2B7Eef0051c53f4930E,$200.0,233.24,16.15,249.38,13.71,512.4770417,512.4770417473670000000,0.000000000000000000000000,2562.39%
Alma #5,0x1d596d28a7923a22aa013b0e7082bba23daa656b,0x64DC694344f9CC7635BC6C821499F05Bbc4A700F,$121.0,141.11,9.77,150.88,8.29,310.0486103,310.0486102571570000000,0.000000000000000000000000,2562.39%
Alma #5,0x1d596d28a7923a22aa013b0e7082bba23daa656b,0xBCf3bE746DcCe9C9b1E87D7a03ff199F9aC7eB9E,$120.0,139.94,9.69,149.63,8.23,307.4862250,307.4862250484200000000,0.000000000000000000000000,2562.39%
Alma #5,0x1d596d28a7923a22aa013b0e7082bba23daa656b,0x4E07ebB283634233C2348ec7bB059995E6553da6,$117.9,137.53,9.52,147.06,8.08,302.1938465,302.1938464520580000000,0.000000000000000000000000,2562.39%
Alma #5,0x1d596d28a7923a22aa013b0e7082bba23daa656b,0xc041652a65456147B33843AA7BA44fa8dc3523F9,$101.0,117.78,8.15,125.94,6.92,258.8009061,258.8009060824200000000,0.000000000000000000000000,2562.39%
Alma #5,0x1d596d28a7923a22aa013b0e7082bba23daa656b,0xC32b7438b3dF7844c9eE799930a2224Fe6E26426,$101.0,117.78,8.15,125.94,6.92,258.8009061,258.8009060824200000000,0.000000000000000000000000,2562.39%
Alma #5,0x1d596d28a7923a22aa013b0e7082bba23daa656b,0xF78F2bba5EA14419Ff7Cb5e68d192CD214ec049e,$101.0,117.78,8.15,125.94,6.92,258.8009061,258.8009060824200000000,0.000000000000000000000000,2562.39%
Alma #5,0x1d596d28a7923a22aa013b0e7082bba23daa656b,0xf251D6D81D2CA39C092dDf6A3374a62b85E7471A,$100.4,117.03,8.10,125.14,6.88,257.1493899,257.1493898805300000000,0.000000000000000000000000,2562.39%
Alma #5,0x1d596d28a7923a22aa013b0e7082bba23daa656b,0xcAdA38b3D2e3d8714E783ae8C420B4024817E3E8,$100.0,116.62,8.07,124.69,6.85,256.2385209,256.2385208736830000000,0.000000000000000000000000,2562.39%
Alma #5,0x1d596d28a7923a22aa013b0e7082bba23daa656b,0xB9Df1Ac065Aba19Fb4a23328784665B9b19dEe31,$100.0,116.62,8.07,124.69,6.85,256.2385209,256.2385208736830000000,0.000000000000000000000000,2562.39%
Alma #5,0x1d596d28a7923a22aa013b0e7082bba23daa656b,0x6b6608C001fe77b5Bb13E57bc64356dc95385A52,$100.0,116.62,8.07,124.69,6.85,256.2385209,256.2385208736830000000,0.000000000000000000000000,2562.39%
Alma #5,0x1d596d28a7923a22aa013b0e7082bba23daa656b,0x1D082f295ad54f472824A7F3B01fd2d29a05833b,$90.0,104.96,7.27,112.22,6.17,230.6146688,230.6146687863150000000,0.000000000000000000000000,2562.39%
Alma #5,0x1d596d28a7923a22aa013b0e7082bba23daa656b,0xaFA78d6E24101EB874333549A87f46629C94b759,$60.0,69.97,4.84,74.82,4.11,153.7431125,153.7431125242100000000,0.000000000000000000000000,2562.39%
Alma #5,0x1d596d28a7923a22aa013b0e7082bba23daa656b,0x352A45cC1AA286C643a9471A04435Dd88A027d88,$50.9,59.39,4.11,63.50,3.49,130.4838577,130.4838576937010000000,0.000000000000000000000000,2562.39%
Alma #5,0x1d596d28a7923a22aa013b0e7082bba23daa656b,0xfbAaBBe9aecEbFF17b0DA14bC5D0d283Ed99c79f,$50.0,58.31,4.04,62.35,3.43,128.1192604,128.1192604368420000000,0.000000000000000000000000,2562.39%
Alma #5,0x1d596d28a7923a22aa013b0e7082bba23daa656b,0xc246b4dbdFD51637887A8B55685B54FbE253dD9b,$50.0,58.31,4.04,62.35,3.43,128.1192604,128.1192604368420000000,0.000000000000000000000000,2562.39%
Alma #5,0x1d596d28a7923a22aa013b0e7082bba23daa656b,0x1b26be686022d3964A521c53C0973434021a72Ec,$25.0,29.15,2.02,31.17,1.71,64.0596302,64.0596302184208000000,0.000000000000000000000000,2562.39%
Alma #5,0x1d596d28a7923a22aa013b0e7082bba23daa656b,0xb9FbFC908cEb29D605aed9A56DcfA43cfB057582,$20.0,23.32,1.61,24.94,1.37,51.2477042,51.2477041747367000000,0.000000000000000000000000,2562.39%
Alma #5,0x1d596d28a7923a22aa013b0e7082bba23daa656b,0xFb892cA235A9fbbcB6DCD808b151f08a712f2F36,$10.3,12.00,0.83,12.84,0.71,26.3770601,26.3770600947061000000,0.000000000000000000000000,2562.39%
Alma #5,0x1d596d28a7923a22aa013b0e7082bba23daa656b,0x937F250B6ae6dD9EB8bD8b86F4B9796b6eF05d13,$10.1,11.78,0.82,12.59,0.69,25.8800906,25.8800906082420000000,0.000000000000000000000000,2562.39%
Alma #5,0x1d596d28a7923a22aa013b0e7082bba23daa656b,0x31A82735012C638E998D831C07dfF52De1049Adf,$10.0,11.65,0.81,12.45,0.68,25.5879941,25.5879940687573000000,0.000000000000000000000000,2562.39%
Alma #5,0x1d596d28a7923a22aa013b0e7082bba23daa656b,0xd024806f7Bc1Fe044dB4e1F42DdC73674c1d0903,$0.1,0.11,0.01,0.12,0.01,0.2432088,0.2432087920872570000,0.000000000000000000000000,2562.39%
Cauris #1,0xc9bdd0d3b80cc6efe79a82d850f44ec9b55387ae,0x111b46bfae308be4570cb9f17d051b58022d7c89,"$625,000.0",874.64,"50,462.50","51,337.14","42,839.81","145,514.0768912",874.6355663265310000000,"144,639.441324865000000000000000",232.82%
Cauris #1,0xc9bdd0d3b80cc6efe79a82d850f44ec9b55387ae,0x2b2B7fEC2Ba5854AeF243C21a583d8e61Ee82c32,"$30,000.0",874.64,"2,422.20","3,296.84","2,056.31","8,649.9818091",874.6355663265310000000,"7,775.346242736390000000000000",288.33%
Cauris #1,0xc9bdd0d3b80cc6efe79a82d850f44ec9b55387ae,0x25fb88e70f420aDDb51f9a99B484bE66DFBea327,"$30,000.0",874.64,"2,422.20","3,296.84","2,056.31","8,649.9818091",874.6355663265310000000,"7,775.346242736390000000000000",288.33%
Cauris #1,0xc9bdd0d3b80cc6efe79a82d850f44ec9b55387ae,0xA05967ed87D17aC0978101B73Cf784573A801bE7,"$30,000.0",874.64,"2,422.20","3,296.84","2,056.31","8,649.9818091",874.6355663265310000000,"7,775.346242736390000000000000",288.33%
Cauris #1,0xc9bdd0d3b80cc6efe79a82d850f44ec9b55387ae,0x0Ae9b28ccBe5CFE2BD4E6731392441023c9d6cB9,"$30,000.0",874.64,"2,422.20","3,296.84","2,056.31","8,649.9818091",874.6355663265310000000,"7,775.346242736390000000000000",288.33%
Cauris #1,0xc9bdd0d3b80cc6efe79a82d850f44ec9b55387ae,0xdB86B02928C47CB1c1D231B21732E6C639b28051,"$30,000.0",874.64,"2,422.20","3,296.84","2,056.31","8,649.9818091",874.6355663265310000000,"7,775.346242736390000000000000",288.33%
Cauris #1,0xc9bdd0d3b80cc6efe79a82d850f44ec9b55387ae,0xE11bb2df7F004F190F75E6EC77528Cf30b6afBfb,"$30,000.0",874.64,"2,422.20","3,296.84","2,056.31","8,649.9818091",874.6355663265310000000,"7,775.346242736390000000000000",288.33%
Cauris #1,0xc9bdd0d3b80cc6efe79a82d850f44ec9b55387ae,0x8100311305c9f81330d23c33fD9f6FF0093D12D3,"$30,000.0",874.64,"2,422.20","3,296.84","2,056.31","8,649.9818091",874.6355663265310000000,"7,775.346242736390000000000000",288.33%
Cauris #1,0xc9bdd0d3b80cc6efe79a82d850f44ec9b55387ae,0xD5a41BFe8e373C94434eaB2fC81034eC00572b09,"$30,000.0",874.64,"2,422.20","3,296.84","2,056.31","8,649.9818091",874.6355663265310000000,"7,775.346242736390000000000000",288.33%
Cauris #1,0xc9bdd0d3b80cc6efe79a82d850f44ec9b55387ae,0x68476977382d9cb85d11775B79252ee7d2859738,"$30,000.0",874.64,"2,422.20","3,296.84","2,056.31","8,649.9818091",874.6355663265310000000,"7,775.346242736390000000000000",288.33%
Cauris #1,0xc9bdd0d3b80cc6efe79a82d850f44ec9b55387ae,0xB6605F98A5562b1AC821Bc5f2B75934239e8c6D6,"$30,000.0",874.64,"2,422.20","3,296.84","2,056.31","8,649.9818091",874.6355663265310000000,"7,775.346242736390000000000000",288.33%
Cauris #1,0xc9bdd0d3b80cc6efe79a82d850f44ec9b55387ae,0xcAc59F91E4536Bc0E79aB816a5cD54e89f10433C,"$30,000.0",874.64,"2,422.20","3,296.84","2,056.31","8,649.9818091",874.6355663265310000000,"7,775.346242736390000000000000",288.33%
Cauris #1,0xc9bdd0d3b80cc6efe79a82d850f44ec9b55387ae,0x560feFC8f45b8d43f86F79F718dd0364d42037BD,"$30,000.0",874.64,"2,422.20","3,296.84","2,056.31","8,649.9818091",874.6355663265310000000,"7,775.346242736390000000000000",288.33%
Cauris #1,0xc9bdd0d3b80cc6efe79a82d850f44ec9b55387ae,0x6a5dBF2Fb5206EC8192620810C3edB6d5e62B188,"$29,850.0",874.64,"2,410.09","3,284.72","2,046.03","8,615.4782557",874.6355663265310000000,"7,740.842689354340000000000000",288.63%
Cauris #1,0xc9bdd0d3b80cc6efe79a82d850f44ec9b55387ae,0xb39Fbb76E7677fF97397a1683D01F04df4cFeD82,"$29,731.8",874.64,"2,400.55","3,275.19","2,037.93","8,588.3007268",874.6355663265310000000,"7,713.665160450060000000000000",288.86%
Cauris #1,0xc9bdd0d3b80cc6efe79a82d850f44ec9b55387ae,0x416E367b6DFa99B04bD38fb3725c78ABb7132429,"$29,500.0",874.64,"2,381.83","3,256.47","2,022.04","8,534.9699645",874.6355663265310000000,"7,660.334398129560000000000000",289.32%
Cauris #1,0xc9bdd0d3b80cc6efe79a82d850f44ec9b55387ae,0x3E7ea126d6aAAe70F5A1bB2bbDf4c321E0fbaaF3,"$29,000.0",874.64,"2,341.46","3,216.10","1,987.77","8,419.9581198",874.6355663265310000000,"7,545.322553522730000000000000",290.34%
Cauris #1,0xc9bdd0d3b80cc6efe79a82d850f44ec9b55387ae,0x1E5d6CFb3EeaC9c21065296927BF4D155b3d64C8,"$20,054.5",874.64,"1,619.20","2,493.83","1,374.61","6,362.2720070",874.6355663265310000000,"5,487.636440714350000000000000",317.25%
Cauris #1,0xc9bdd0d3b80cc6efe79a82d850f44ec9b55387ae,0x9a568bFeB8CB19e4bAfcB57ee69498D57D9591cA,"$14,383.4",874.64,"1,161.32","2,035.95",985.89,"5,057.7929670","5,057.7929669964600000000",0.000000000000000000000000,351.64%
Cauris #1,0xc9bdd0d3b80cc6efe79a82d850f44ec9b55387ae,0x50693E63A0Abb825B1Ba99564954D45B6e45A632,"$10,045.8",874.64,811.10,"1,685.73",688.58,"4,060.0405105","4,060.0405104879800000000",0.000000000000000000000000,404.15%
Cauris #1,0xc9bdd0d3b80cc6efe79a82d850f44ec9b55387ae,0x107cd74419DfC9FF01975e652597c5a4b6706460,"$10,000.0",874.64,807.40,"1,682.04",685.44,"4,049.5080248","4,049.5080247896800000000",0.000000000000000000000000,404.95%
Cauris #1,0xc9bdd0d3b80cc6efe79a82d850f44ec9b55387ae,0xA9415413F979f25277792d4991212336bCbf6C6B,"$6,000.0",874.64,484.44,"1,359.08",411.26,"3,129.4132679","3,129.4132679350300000000",0.000000000000000000000000,521.57%
Cauris #1,0xc9bdd0d3b80cc6efe79a82d850f44ec9b55387ae,0x4213d9B38356C1bb9f552889BD5f05C36946173C,"$5,476.5",874.64,442.17,"1,316.81",375.38,"3,009.0007730","3,009.0007730369700000000",0.000000000000000000000000,549.44%
Cauris #1,0xc9bdd0d3b80cc6efe79a82d850f44ec9b55387ae,0xf8A63c05eB4820d4a582F45642077E13F6F8A549,"$5,061.1",874.64,408.63,"1,283.27",346.90,"2,913.4344755","2,913.4344755487500000000",0.000000000000000000000000,575.66%
Cauris #1,0xc9bdd0d3b80cc6efe79a82d850f44ec9b55387ae,0x47547895218274e121E4219A3fD23235377A9903,"$5,053.4",874.64,408.01,"1,282.65",346.38,"2,911.6810579","2,911.6810578713200000000",0.000000000000000000000000,576.18%
Cauris #1,0xc9bdd0d3b80cc6efe79a82d850f44ec9b55387ae,0xbb4615d7223cBc087ceD0D32Bc2f1862CB91B6ad,"$5,031.0",874.64,406.20,"1,280.84",344.84,"2,906.5178610","2,906.5178610344700000000",0.000000000000000000000000,577.72%
Cauris #1,0xc9bdd0d3b80cc6efe79a82d850f44ec9b55387ae,0x53baD4E06b7b0244927BB03d43F3171C4b0349BE,"$5,000.0",874.64,403.70,"1,278.34",342.72,"2,899.3895787","2,899.3895787213700000000",0.000000000000000000000000,579.88%
Cauris #1,0xc9bdd0d3b80cc6efe79a82d850f44ec9b55387ae,0x0196aD265c56F2b18B708C75CE9358A0b6DF64CF,"$5,000.0",874.64,403.70,"1,278.34",342.72,"2,899.3895787","2,899.3895787213700000000",0.000000000000000000000000,579.88%
Cauris #1,0xc9bdd0d3b80cc6efe79a82d850f44ec9b55387ae,0xD3F89f4C519b06281767fAD82a84BE7607998Df2,"$5,000.0",874.64,403.70,"1,278.34",342.72,"2,899.3895787","2,899.3895787213700000000",0.000000000000000000000000,579.88%
Cauris #1,0xc9bdd0d3b80cc6efe79a82d850f44ec9b55387ae,0x0960Da039bb8151cacfeF620476e8bAf34Bd9565,"$4,995.0",874.64,403.30,"1,277.93",342.38,"2,898.2394603","2,898.2394602753000000000",0.000000000000000000000000,580.23%
Cauris #1,0xc9bdd0d3b80cc6efe79a82d850f44ec9b55387ae,0xB9Df1Ac065Aba19Fb4a23328784665B9b19dEe31,"$4,990.0",874.64,402.89,"1,277.53",342.03,"2,897.0893418","2,897.0893418292300000000",0.000000000000000000000000,580.58%
Cauris #1,0xc9bdd0d3b80cc6efe79a82d850f44ec9b55387ae,0x1dF4c04D9C4247bEdF051E73730C46A03C3d3050,"$3,839.9",874.64,310.03,"1,184.67",263.20,"2,632.5377995","2,632.5377995309900000000",0.000000000000000000000000,685.58%
Cauris #1,0xc9bdd0d3b80cc6efe79a82d850f44ec9b55387ae,0x23542bE43939D943b7aBa65514faEF11e1F61AC1,"$3,427.0",874.64,276.70,"1,151.33",234.90,"2,537.5635048","2,537.5635048107500000000",0.000000000000000000000000,740.46%
Cauris #1,0xc9bdd0d3b80cc6efe79a82d850f44ec9b55387ae,0x5550d9F1d786f5E0F32470D8F333181930e4B55C,"$3,067.2",874.64,247.65,"1,122.28",210.24,"2,454.8013794","2,454.8013793726600000000",0.000000000000000000000000,800.34%
Cauris #1,0xc9bdd0d3b80cc6efe79a82d850f44ec9b55387ae,0x65685914465E7F6E70624b8bBD1c66Be0411923E,"$3,000.0",874.64,242.22,"1,116.86",205.63,"2,439.3422003","2,439.3422002940500000000",0.000000000000000000000000,813.11%
Cauris #1,0xc9bdd0d3b80cc6efe79a82d850f44ec9b55387ae,0x94A5075637ed4d3BBD7945176Cec94c739Ba9c7e,"$3,000.0",874.64,242.22,"1,116.86",205.63,"2,439.3422003","2,439.3422002940500000000",0.000000000000000000000000,813.11%
Cauris #1,0xc9bdd0d3b80cc6efe79a82d850f44ec9b55387ae,0x7d81ad6708Ae8abA7568EDC1B3b0D3554Ec7b248,"$3,000.0",874.64,242.22,"1,116.86",205.63,"2,439.3422003","2,439.3422002940500000000",0.000000000000000000000000,813.11%
Cauris #1,0xc9bdd0d3b80cc6efe79a82d850f44ec9b55387ae,0x0e63EE1a039bCC422b1bAaF65C7aE30C497d3FC8,"$3,000.0",874.64,242.22,"1,116.86",205.63,"2,439.3422003","2,439.3422002940500000000",0.000000000000000000000000,813.11%
Cauris #1,0xc9bdd0d3b80cc6efe79a82d850f44ec9b55387ae,0xBCfA2aF958Da435e1DfB2338518e423ad701F7Cc,"$2,500.0",874.64,201.85,"1,076.49",171.36,"2,324.3303557","2,324.3303556872200000000",0.000000000000000000000000,929.73%
Cauris #1,0xc9bdd0d3b80cc6efe79a82d850f44ec9b55387ae,0x59A9A5561D6b863762cF29d45D899c57B1ae5a6C,"$2,500.0",874.64,201.85,"1,076.49",171.36,"2,324.3303557","2,324.3303556872200000000",0.000000000000000000000000,929.73%
Cauris #1,0xc9bdd0d3b80cc6efe79a82d850f44ec9b55387ae,0x6112285C73c8385DEfb50BEE179573661084271E,"$2,500.0",874.64,201.85,"1,076.49",171.36,"2,324.3303557","2,324.3303556872200000000",0.000000000000000000000000,929.73%
Cauris #1,0xc9bdd0d3b80cc6efe79a82d850f44ec9b55387ae,0xBB34666407e47f87a44E4540ee765909506CB105,"$2,500.0",874.64,201.85,"1,076.49",171.36,"2,324.3303557","2,324.3303556872200000000",0.000000000000000000000000,929.73%
Cauris #1,0xc9bdd0d3b80cc6efe79a82d850f44ec9b55387ae,0x13b91B3Ff58886acE7637e547C53Bbc2936D803F,"$2,013.3",874.64,162.56,"1,037.19",138.00,"2,212.3835031","2,212.3835031315800000000",0.000000000000000000000000,1098.87%
Cauris #1,0xc9bdd0d3b80cc6efe79a82d850f44ec9b55387ae,0x30Df16cd7D612C5B25bEb0331486b127a42Ac371,"$2,000.0",874.64,161.48,"1,036.12",137.09,"2,209.3185111","2,209.3185110803900000000",0.000000000000000000000000,1104.66%
Cauris #1,0xc9bdd0d3b80cc6efe79a82d850f44ec9b55387ae,0x86515E78e4300f46af86d9b204170D51aeE6AD91,"$2,000.0",874.64,161.48,"1,036.12",137.09,"2,209.3185111","2,209.3185110803900000000",0.000000000000000000000000,1104.66%
Cauris #1,0xc9bdd0d3b80cc6efe79a82d850f44ec9b55387ae,0xd3AEcF9e0856822bd320873E905Ae9F78a2977e7,"$1,938.9",874.64,156.55,"1,031.18",132.90,"2,195.2640407","2,195.2640406670600000000",0.000000000000000000000000,1132.22%
Cauris #1,0xc9bdd0d3b80cc6efe79a82d850f44ec9b55387ae,0x10A590f528Eff3D5de18C90da6e03A4ACDDE3a7D,"$1,641.5",874.64,132.53,"1,007.17",112.51,"2,126.8455438","2,126.8455438215300000000",0.000000000000000000000000,1295.70%
Cauris #1,0xc9bdd0d3b80cc6efe79a82d850f44ec9b55387ae,0x17D60e33385700247741d8A0C2db0D4Ac28130d7,"$1,500.9",874.64,121.18,995.81,102.87,"2,094.5044270","2,094.5044270401200000000",0.000000000000000000000000,1395.54%
Cauris #1,0xc9bdd0d3b80cc6efe79a82d850f44ec9b55387ae,0xB512f6eda8D66092C5ab1d6c5EC718970E064683,"$1,500.0",874.64,121.11,995.75,102.82,"2,094.3066665","2,094.3066664735500000000",0.000000000000000000000000,1396.20%
Cauris #1,0xc9bdd0d3b80cc6efe79a82d850f44ec9b55387ae,0x7a86C44e1B41c6C37fF783E8f6B2f6c68AB251f4,"$1,356.1",874.64,109.49,984.13,92.95,"2,061.2062576","2,061.2062575957100000000",0.000000000000000000000000,1519.95%
Cauris #1,0xc9bdd0d3b80cc6efe79a82d850f44ec9b55387ae,0xDf839BbBE062AE73493a6961fC34849b53F1c154,"$1,300.0",874.64,104.96,979.60,89.11,"2,048.3019286","2,048.3019286308200000000",0.000000000000000000000000,1575.62%
Cauris #1,0xc9bdd0d3b80cc6efe79a82d850f44ec9b55387ae,0x5EdF60C9dC63EFA6b9CD41d0aed34eA1C7e7F603,"$1,291.2",874.64,104.25,978.89,88.51,"2,046.2865738","2,046.2865737775400000000",0.000000000000000000000000,1584.75%
Cauris #1,0xc9bdd0d3b80cc6efe79a82d850f44ec9b55387ae,0xbaF0CE3ED7888AB21e028Ca421664f7B6c8a3eb2,"$1,229.2",874.64,99.25,973.88,84.26,"2,032.0268992","2,032.0268992310700000000",0.000000000000000000000000,1653.07%
Cauris #1,0xc9bdd0d3b80cc6efe79a82d850f44ec9b55387ae,0xDEc2216FCBf07810D29f25C439bA6214436c4F36,"$1,190.1",874.64,96.09,970.73,81.58,"2,023.0330719","2,023.0330718930000000000",0.000000000000000000000000,1699.82%
Cauris #1,0xc9bdd0d3b80cc6efe79a82d850f44ec9b55387ae,0x6BF32Be85a8d6893AEb618A7fd091F6a70745f33,"$1,180.0",874.64,95.27,969.91,80.88,"2,020.6990859","2,020.6990859251800000000",0.000000000000000000000000,1712.46%
Cauris #1,0xc9bdd0d3b80cc6efe79a82d850f44ec9b55387ae,0x84C697eAF77deB3b8ba24b8056a1bF27838C5CB5,"$1,111.0",874.64,89.70,964.34,76.15,"2,004.8274514","2,004.8274513694400000000",0.000000000000000000000000,1804.53%
Cauris #1,0xc9bdd0d3b80cc6efe79a82d850f44ec9b55387ae,0x4b05ACf4d3612E9b0D01A9275243B81d132A71D8,"$1,111.0",874.64,89.70,964.34,76.15,"2,004.8274514","2,004.8274513694400000000",0.000000000000000000000000,1804.53%
Cauris #1,0xc9bdd0d3b80cc6efe79a82d850f44ec9b55387ae,0xF64516c7A669d1Dd131a32526927C60D171E0321,"$1,050.7",874.64,84.83,959.47,72.02,"1,990.9572184","1,990.9572184299900000000",0.000000000000000000000000,1894.88%
Cauris #1,0xc9bdd0d3b80cc6efe79a82d850f44ec9b55387ae,0xb52D1d3fA331c1d568028A5438E1EA20d69442Dc,"$1,009.2",874.64,81.48,956.12,69.17,"1,981.4085418","1,981.4085417502200000000",0.000000000000000000000000,1963.37%
Cauris #1,0xc9bdd0d3b80cc6efe79a82d850f44ec9b55387ae,0xAEdF1286C19984BD4b96eaec9e3C54872f9e6fb2,"$1,004.0",874.64,81.06,955.70,68.82,"1,980.2166717","1,980.2166717043300000000",0.000000000000000000000000,1972.31%
Cauris #1,0xc9bdd0d3b80cc6efe79a82d850f44ec9b55387ae,0x1795dEE42dEc2705f7a228FE0E62cD0a143A8De3,"$1,001.7",874.64,80.88,955.51,68.66,"1,979.6810914","1,979.6810914470700000000",0.000000000000000000000000,1976.36%
Cauris #1,0xc9bdd0d3b80cc6efe79a82d850f44ec9b55387ae,0xAAFB94437fD74Bf39563912218FdbdE3E37e2FFc,"$1,000.9",874.64,80.81,955.45,68.60,"1,979.4944019","1,979.4944019206700000000",0.000000000000000000000000,1977.78%
Cauris #1,0xc9bdd0d3b80cc6efe79a82d850f44ec9b55387ae,0x8140b5D041490a706da799dd295DbB251b3Fbc7a,"$1,000.0",874.64,80.74,955.38,68.54,"1,979.2948219","1,979.2948218667200000000",0.000000000000000000000000,1979.29%
Cauris #1,0xc9bdd0d3b80cc6efe79a82d850f44ec9b55387ae,0x8FC3D46525DAf94552c464aC5b296661Ec78B428,"$1,000.0",874.64,80.74,955.38,68.54,"1,979.2948219","1,979.2948218667200000000",0.000000000000000000000000,1979.29%
Cauris #1,0xc9bdd0d3b80cc6efe79a82d850f44ec9b55387ae,0x5584cF54ADE7C81aB6d6Bc870C714F87FC0a7721,"$1,000.0",874.64,80.74,955.38,68.54,"1,979.2948219","1,979.2948218667200000000",0.000000000000000000000000,1979.29%
Cauris #1,0xc9bdd0d3b80cc6efe79a82d850f44ec9b55387ae,0x1905547149b8c192FBa7A42e8c6A7BdB3ba3807c,"$1,000.0",874.64,80.74,955.38,68.54,"1,979.2948219","1,979.2948218667200000000",0.000000000000000000000000,1979.29%
Cauris #1,0xc9bdd0d3b80cc6efe79a82d850f44ec9b55387ae,0xCEcDc196b88c71e93DE12f2643cC00573A6BfF2D,"$1,000.0",874.64,80.74,955.38,68.54,"1,979.2948219","1,979.2948218667200000000",0.000000000000000000000000,1979.29%
Cauris #1,0xc9bdd0d3b80cc6efe79a82d850f44ec9b55387ae,0xD54809Ece97a0A0956BDD73650530Ffbc825161d,"$1,000.0",874.64,80.74,955.38,68.54,"1,979.2948219","1,979.2948218667200000000",0.000000000000000000000000,1979.29%
Cauris #1,0xc9bdd0d3b80cc6efe79a82d850f44ec9b55387ae,0x98b267c74728e49fD14bdEEdd7e08F6c610Be38A,"$1,000.0",874.64,80.74,955.38,68.54,"1,979.2948219","1,979.2948218667200000000",0.000000000000000000000000,1979.29%
Cauris #1,0xc9bdd0d3b80cc6efe79a82d850f44ec9b55387ae,0x32596CaDEcFbce13D3Dd68864135e8876C9CD8B6,"$1,000.0",874.64,80.74,955.38,68.54,"1,979.2948219","1,979.2948218667200000000",0.000000000000000000000000,1979.29%
Cauris #1,0xc9bdd0d3b80cc6efe79a82d850f44ec9b55387ae,0x12C444593336f75f42E83b6FdC833607d21b943F,"$1,000.0",874.64,80.74,955.38,68.54,"1,979.2948219","1,979.2948218667200000000",0.000000000000000000000000,1979.29%
Cauris #1,0xc9bdd0d3b80cc6efe79a82d850f44ec9b55387ae,0x8adD019084c54441669aB178F29e614D4d1B9CDd,"$1,000.0",874.64,80.74,955.38,68.54,"1,979.2948219","1,979.2948218667200000000",0.000000000000000000000000,1979.29%
Cauris #1,0xc9bdd0d3b80cc6efe79a82d850f44ec9b55387ae,0x8C36bAC08938663Fd0C79Dc420ADFeFb6f06119f,"$1,000.0",874.64,80.74,955.38,68.54,"1,979.2948219","1,979.2948218667200000000",0.000000000000000000000000,1979.29%
Cauris #1,0xc9bdd0d3b80cc6efe79a82d850f44ec9b55387ae,0xC8D46eb7881975F9aE15216FeEBa2ff58E55803c,"$1,000.0",874.64,80.74,955.38,68.54,"1,979.2948219","1,979.2948218667200000000",0.000000000000000000000000,1979.29%
Cauris #1,0xc9bdd0d3b80cc6efe79a82d850f44ec9b55387ae,0xfC3551F3b51F27CA60eFb25f45eD95d4e80E7071,"$1,000.0",874.64,80.74,955.38,68.54,"1,979.2948219","1,979.2948218667200000000",0.000000000000000000000000,1979.29%
Cauris #1,0xc9bdd0d3b80cc6efe79a82d850f44ec9b55387ae,0x161619839EBbADa5d3C279E1A79C50F7fc4274D6,$800.0,874.64,64.59,939.23,54.83,"1,933.2900840","1,933.2900840239900000000",0.000000000000000000000000,2416.61%
Cauris #1,0xc9bdd0d3b80cc6efe79a82d850f44ec9b55387ae,0xA462abC1d228bB7122C7A80D92b721d2BAE9A8C3,$725.4,845.92,58.57,904.49,49.72,"1,858.6978384","1,858.6978383713200000000",0.000000000000000000000000,2562.39%
Cauris #1,0xc9bdd0d3b80cc6efe79a82d850f44ec9b55387ae,0xBCf3bE746DcCe9C9b1E87D7a03ff199F9aC7eB9E,$507.4,591.76,40.97,632.74,34.78,"1,300.2528533","1,300.2528533294200000000",0.000000000000000000000000,2562.39%
Cauris #1,0xc9bdd0d3b80cc6efe79a82d850f44ec9b55387ae,0xFCba0693FC16DCb2a4E8FA7eD3DA31f5296993E4,$500.0,583.09,40.37,623.46,34.27,"1,281.1925997","1,281.1925997088700000000",0.000000000000000000000000,2562.39%
Cauris #1,0xc9bdd0d3b80cc6efe79a82d850f44ec9b55387ae,0xcAdA38b3D2e3d8714E783ae8C420B4024817E3E8,$300.0,349.85,24.22,374.08,20.56,768.7155598,768.7155598253230000000,0.000000000000000000000000,2562.39%
Cauris #1,0xc9bdd0d3b80cc6efe79a82d850f44ec9b55387ae,0xC332F7D5bCc09cA423D88A3fc1b6694474a455aC,$200.0,233.24,16.15,249.38,13.71,512.4770399,512.4770398835490000000,0.000000000000000000000000,2562.39%
Cauris #1,0xc9bdd0d3b80cc6efe79a82d850f44ec9b55387ae,0x8e4b8A2C6fb0d54a5469CF297Ee7747e425FE0E8,$200.0,233.24,16.15,249.38,13.71,512.4770399,512.4770398835490000000,0.000000000000000000000000,2562.39%
Cauris #1,0xc9bdd0d3b80cc6efe79a82d850f44ec9b55387ae,0xD4d00a14D2d3181DBEBEAF062933D150e9bAFB27,$200.0,233.24,16.15,249.38,13.71,512.4770399,512.4770398835490000000,0.000000000000000000000000,2562.39%
Cauris #1,0xc9bdd0d3b80cc6efe79a82d850f44ec9b55387ae,0x3b2F7dfb30ff05857351dE1C14fFf290F4384C9e,$200.0,233.24,16.15,249.38,13.71,512.4770399,512.4770398835490000000,0.000000000000000000000000,2562.39%
Cauris #1,0xc9bdd0d3b80cc6efe79a82d850f44ec9b55387ae,0xB777320F051877411E70CCe1418eDF5ee46d7C02,$99.5,116.07,8.04,124.10,6.82,255.0316878,255.0316877605530000000,0.000000000000000000000000,2562.39%
